{
    "kappa": 5.099994269484906,
    "rho": -0.4908759482035392,
    "sigma": 0.5422204900420218,
    "theta": 0.18219325969671513,
    "v0": 0.18629542867659643
}