{
    "bs_analytical": [
        58.130458506669015,
        54.67666308035437,
        51.31861232804374,
        48.05417642442647,
        44.88120465935003,
        41.79753686959762,
        38.80101313813202,
        35.88948199579298,
        33.06080732838201,
        30.312874164522867,
        27.64359349599468,
        25.05090626184446,
        22.53278661001643,
        20.087244535087592,
        17.71232797762252,
        15.406124459364321,
        13.16676231870835,
        10.992411602449366,
        8.88128466246475,
        6.8316364996439916,
        4.841764891858475,
        2.9100103379744695,
        1.0347558457478385,
        0.0,
        0.0,
        0.0,
        0.0,
        0.0,
        0.0,
        0.0
    ],
    "bs_fd": [],
    "bs_mc": [
        71.32612991449223,
        66.93257446514886,
        62.49573356744474,
        58.27503827875176,
        53.8875646163992,
        49.54155101942797,
        45.40128723934676,
        41.307327629332725,
        37.46211279530091,
        33.77314384838696,
        30.199185791730713,
        26.417729905962503,
        23.456061511547286,
        20.594903356048892,
        17.739000429259498,
        15.494140621926581,
        13.102189100420219,
        11.344295448137654,
        9.410311518639647,
        7.987011302418397,
        6.615830154477239,
        5.5296832068538,
        4.5372796704253355,
        3.7070069240748125,
        3.002597102567241,
        2.4582572086875807,
        1.9188343743483809,
        1.5171623235062621,
        1.2581573273737752,
        0.9869802750043307
    ],
    "heston_fd": [],
    "heston_fourier": [
        108.54607639551152,
        102.26188209220341,
        94.09880495752856,
        86.57998428363524,
        79.6658071395719,
        73.32332781664232,
        67.52480867269902,
        62.24656975447604,
        57.46808431583975,
        53.17127101745152,
        49.339943887462326,
        45.959388974794734,
        43.01604269247319,
        40.49725159416265,
        38.391097085608195,
        36.686271583956014,
        35.11558916579526,
        33.75683015336415,
        32.60071783619948,
        31.636964391098545,
        30.854474697525333,
        30.24153553182559,
        29.78598943339904,
        29.47539289640902,
        29.29715884794829,
        29.238683630767383,
        29.287458919329907,
        29.43116916602753,
        29.657775304114217,
        29.95558552954848
    ],
    "heston_mc": [
        63.54746294885088,
        60.15467995308072,
        56.85031563822983,
        53.9390200301325,
        50.972792596832846,
        48.23458237529946,
        45.410825164924034,
        42.744855707882806,
        40.43476437160656,
        38.03627918610719,
        35.82624278265317,
        33.58798531980504,
        31.44427635479793,
        29.526922908980936,
        27.668320083165558,
        25.822330191483424,
        24.44111456297937,
        22.680025379282412,
        21.255350079299365,
        19.794785217473734,
        18.432786411438972,
        17.339340442195574,
        15.99099957950816,
        15.041464564536486,
        13.983990602344278,
        12.972017496266316,
        12.050831760151466,
        11.196614222470771,
        10.38604716372078,
        9.590194456751485
    ],
    "strikes": [
        160.60860723547256,
        165.19742458505752,
        169.78624193464245,
        174.37505928422738,
        178.96387663381228,
        183.55269398339723,
        188.14151133298216,
        192.7303286825671,
        197.31914603215202,
        201.90796338173695,
        206.49678073132188,
        211.0855980809068,
        215.67441543049173,
        220.2632327800767,
        224.85205012966162,
        229.44086747924655,
        234.02968482883148,
        238.6185021784164,
        243.20731952800136,
        247.7961368775863,
        252.38495422717122,
        256.9737715767561,
        261.56258892634105,
        266.151406275926,
        270.7402236255109,
        275.32904097509584,
        279.91785832468076,
        284.5066756742657,
        289.0954930238507,
        293.68431037343555
    ]
}