{
    "bs_analytical": [
        59.68678846982324,
        59.0068520470735,
        58.337089156222014,
        57.67731214169443,
        57.02733726563263,
        56.38698463007541,
        55.756078099539224,
        55.134445224136556,
        54.52191716335173,
        53.918328610578754,
        53.32351771851118,
        52.73732602546181,
        52.15959838267854,
        51.5901828827128,
        51.02893078888735,
        50.4756964659026,
        49.93033731161318,
        49.39271368999996,
        48.86268886535663,
        48.34012893770541,
        47.82490277945106,
        47.316881973278946,
        46.8159407512988,
        46.321955935432776,
        45.8348068790436,
        45.35437540979594,
        44.88054577374228,
        44.41320458062183,
        43.95224075036058,
        43.49754546075792,
        43.04901209634492,
        42.60653619839743,
        42.17001541608733,
        41.73934945875346,
        41.31444004927359,
        40.895190878518434,
        40.481507560868074,
        40.07329759077084,
        39.67047030032445,
        39.272936817859275,
        38.880610027503415
    ],
    "bs_fd": [],
    "bs_mc": [
        60.77069421777199,
        60.17439685253854,
        59.65053216217898,
        58.81089866573375,
        57.78077322340644,
        57.53296949990068,
        56.82636874632768,
        56.42466232634923,
        55.939367028406195,
        55.0500415387654,
        54.25670749357339,
        53.81555998393795,
        53.1420017918335,
        52.34910691205863,
        51.765433930112984,
        51.4242330483153,
        51.12818255670439,
        50.1165918869629,
        49.75450153187251,
        49.2185249221879,
        48.956277877496625,
        48.06375762855208,
        47.63066880585295,
        47.23532911320392,
        46.7849332680177,
        46.10169528752523,
        45.866612819915325,
        45.17949711826248,
        44.4607307063643,
        44.34236604574139,
        43.91546510282775,
        43.2376145618267,
        42.840807694829905,
        42.37535941291495,
        42.14591465350909,
        41.72191734091517,
        41.51873180510536,
        40.52483661729249,
        40.22873671646645,
        40.0778208537106,
        39.583265041381374
    ],
    "heston_fd": [],
    "heston_fourier": [
        36.478364077214266,
        35.71836404861951,
        35.05672823572159,
        34.491845639114366,
        33.960136808655385,
        33.3623043839198,
        32.79951563617044,
        32.27079420111245,
        31.775121515140114,
        31.311442481823114,
        30.878670824130133,
        30.47569412860385,
        30.101378588573844,
        29.754573454236827,
        29.4341151980351,
        29.138831404255797,
        28.86754439215582,
        28.619074582210764,
        28.39224361528536,
        28.1858772346597,
        27.998807940904,
        27.82987742960499,
        27.677938821895275,
        27.54185869765182,
        27.420518941093142,
        27.312818408347624,
        27.217674426366344,
        27.13402413234472,
        27.060825662573386,
        26.997059199391288,
        26.9417278846459,
        26.893858607785972,
        26.852502676437723,
        26.81673637701182,
        26.785661432610226,
        26.75840536519916,
        26.734121768724563,
        26.71199049955346,
        26.691217790337635,
        26.671036293108155,
        26.65070505713164
    ],
    "heston_mc": [
        27.702967564375744,
        26.90394644609585,
        26.185576955437472,
        25.35257016271228,
        24.54456836240115,
        23.92598199675152,
        23.333923533231392,
        22.598713334649144,
        21.833110244862866,
        21.260353509380288,
        20.642057753259554,
        20.029451854058497,
        19.49098700806618,
        18.775889722159395,
        18.269580926697724,
        17.863353485570283,
        17.08484221733171,
        16.63873388228138,
        16.16218016537908,
        15.706734036358037,
        15.209497213654718,
        14.777018201654636,
        14.258465725165436,
        13.841934421546707,
        13.454374256537031,
        12.97294252656113,
        12.688966675617332,
        12.172804078977196,
        11.876412401848711,
        11.41348240826645,
        11.140959601266237,
        10.81266769769186,
        10.44551498047507,
        10.12829227248014,
        9.836423015552318,
        9.52225166335353,
        9.210078221846999,
        8.925939611208792,
        8.635184632281852,
        8.386254546380954,
        8.13287912441092
    ],
    "strikes": [
        160.0,
        162.0,
        164.0,
        166.0,
        168.0,
        170.0,
        172.0,
        174.0,
        176.0,
        178.0,
        180.0,
        182.0,
        184.0,
        186.0,
        188.0,
        190.0,
        192.0,
        194.0,
        196.0,
        198.0,
        200.0,
        202.0,
        204.0,
        206.0,
        208.0,
        210.0,
        212.0,
        214.0,
        216.0,
        218.0,
        220.0,
        222.0,
        224.0,
        226.0,
        228.0,
        230.0,
        232.0,
        234.0,
        236.0,
        238.0,
        240.0
    ]
}