{
    "bs_analytical": [
        157.2557494830102,
        146.05178270625376,
        133.900936080354,
        121.41919281835189,
        109.08195767086737,
        97.1878833809249,
        85.90582611341463,
        75.31937511770381,
        65.45839064011352,
        56.319770883055796,
        47.88080971475935,
        40.107714845164864,
        32.961011465295186,
        26.39894561137511,
        20.37960002677626,
        14.862178982952415,
        9.807755929762251,
        5.179674404143711,
        0.9437263674043237,
        0.0,
        0.0,
        0.0,
        0.0,
        0.0,
        0.0,
        0.0,
        0.0,
        0.0,
        0.0,
        0.0,
        0.0
    ],
    "bs_fd": [],
    "bs_mc": [
        157.4982646153136,
        147.6501567697034,
        137.84006581403872,
        127.98070491385471,
        118.10172449217963,
        108.27864045988863,
        98.45506385814735,
        88.56404001222023,
        78.75702225818229,
        68.9527819711855,
        59.12469251063332,
        49.29006014623377,
        39.73737598307276,
        30.523104346226845,
        22.253250627453706,
        15.27696874130268,
        9.849811180144568,
        5.952553596018585,
        3.3634485298905816,
        1.8077692031127646,
        0.9290201941403045,
        0.4436297310450312,
        0.20663395124722655,
        0.09531357863159451,
        0.04140480348334017,
        0.017287052517396897,
        0.00726082578643152,
        0.0026779559596309655,
        0.0012017495224357722,
        0.00041625912187848884,
        4.909178051414374e-05
    ],
    "heston_fd": [],
    "heston_fourier": [
        157.48357347302192,
        147.6441874589633,
        137.80480144490468,
        127.9654154308461,
        118.12602941678749,
        108.28664340272888,
        98.44725738867028,
        88.60787137461168,
        78.76848536055307,
        68.92909934649447,
        60.942460183998065,
        52.571625199290466,
        43.49459621209395,
        34.02933803191607,
        28.566406127526335,
        13.973891090992169,
        4.5993749197984215,
        4.404966424519362,
        9.00792309896541,
        10.148453406387308,
        12.081767886328848,
        15.159444023356032,
        18.335781253040786,
        21.482616301622294,
        24.569319877155653,
        27.55552585861178,
        30.442033266548567,
        32.19681680515128,
        32.116911661106926,
        31.551646317930214,
        30.508029169963017
    ],
    "heston_mc": [
        157.48224864970476,
        147.6424015325622,
        137.81779773582096,
        127.97309447448015,
        118.11362546724796,
        108.27490009850902,
        98.44848681934793,
        88.60842696043161,
        78.76967888191281,
        68.92010196717249,
        59.0904315832321,
        49.2763426246006,
        39.41799866537429,
        29.57040413518082,
        19.858690058312604,
        10.949966401423548,
        4.4873639316617515,
        1.259607644609716,
        0.2385601059056144,
        0.03089536931847457,
        0.0025515746325504014,
        0.00016066123872701367,
        1.059979722119202e-05,
        0.0,
        0.0,
        0.0,
        0.0,
        0.0,
        0.0,
        0.0,
        0.0
    ],
    "strikes": [
        10.0,
        20.0,
        30.0,
        40.0,
        50.0,
        60.0,
        70.0,
        80.0,
        90.0,
        100.0,
        110.0,
        120.0,
        130.0,
        140.0,
        150.0,
        160.0,
        170.0,
        180.0,
        190.0,
        200.0,
        210.0,
        220.0,
        230.0,
        240.0,
        250.0,
        260.0,
        270.0,
        280.0,
        290.0,
        300.0,
        310.0
    ]
}