{
    "bs_analytical": [
        78.6203121565301,
        78.01193182676181,
        77.41023801073274,
        76.81512983355634,
        76.22650852472009,
        75.64427735504908,
        75.06834157639466,
        74.49860836388935,
        73.93498676062151,
        73.37738762459286,
        72.82572357783181,
        72.27990895754407,
        71.73985976919008,
        71.20549364138606,
        70.67672978253262,
        70.15348893908092,
        69.63569335535217,
        69.12326673483194,
        68.61613420286571,
        68.11422227068596,
        67.61745880070693,
        67.12577297302548,
        66.63909525307123,
        66.15735736035248,
        65.68049223824703,
        65.20843402479065,
        64.74111802441845,
        64.27848068061667,
        63.82045954944523,
        63.36699327389385
    ],
    "bs_fd": [],
    "bs_mc": [
        80.49286670607849,
        80.60854949586637,
        79.84611044560961,
        80.2305513429655,
        77.52174516016535,
        79.34235927640805,
        76.2357778253579,
        78.63072785198861,
        75.586736448447,
        76.14120014726974,
        77.3380487464353,
        76.65995942952065,
        74.85683050752176,
        75.36207282005822,
        74.21048378745392,
        73.41260860262354,
        72.92454726998224,
        74.26369224753226,
        71.28527144406227,
        71.44683907813157,
        72.72801912511372,
        71.07868016802472,
        71.36412768418252,
        69.32930918078938,
        67.54207130107781,
        66.9013308487077,
        66.36118350278115,
        66.24532584256328,
        67.63683327916829,
        67.74179201270798
    ],
    "heston_fd": [],
    "heston_fourier": [
        36.38321228717969,
        35.620548749994455,
        34.956298593638984,
        34.38884617807378,
        33.85529202137986,
        33.257117830564056,
        32.69421054543146,
        32.16558680299503,
        31.670220672789107,
        31.207049378722544,
        30.774978703690543,
        30.37288808313798,
        29.999635394664438,
        29.654061451519553,
        29.334994208461048,
        29.04125268894915,
        28.771650643050926,
        28.524999945726393,
        28.300113745381594,
        28.095809372715323,
        27.910911019948806,
        27.744252200546505,
        27.594677999482983,
        27.461047124031502,
        27.342233764910873,
        27.237129277474814,
        27.144643692424324,
        27.063707065315512,
        26.993270673889697,
        26.932308072001952
    ],
    "heston_mc": [
        27.782257739777116,
        26.955010862731807,
        26.143152333979785,
        25.463658493864394,
        24.676052137626773,
        23.91372850207177,
        23.21556122594599,
        22.496394804690976,
        22.001920682879334,
        21.33236576664448,
        20.616669897788803,
        19.92656471277929,
        19.408611351928098,
        18.810857380028068,
        18.222611079410495,
        17.675898527049707,
        17.124946467347126,
        16.72549989536335,
        16.168748499056086,
        15.656929597147244,
        15.239735954304052,
        14.728306855865991,
        14.342631089447021,
        13.999134366594632,
        13.468312918693671,
        13.043525097287604,
        12.474577440745378,
        12.157847612866407,
        11.787806550588066,
        11.441293777603965
    ],
    "strikes": [
        160.0,
        162.0,
        164.0,
        166.0,
        168.0,
        170.0,
        172.0,
        174.0,
        176.0,
        178.0,
        180.0,
        182.0,
        184.0,
        186.0,
        188.0,
        190.0,
        192.0,
        194.0,
        196.0,
        198.0,
        200.0,
        202.0,
        204.0,
        206.0,
        208.0,
        210.0,
        212.0,
        214.0,
        216.0,
        218.0
    ]
}