{
    "bs_analytical": [
        157.45268465244823,
        147.54352332154926,
        137.87635242357936,
        128.68190868507924,
        120.07180636181796,
        112.08044675995059,
        104.69983404468329,
        97.90049000050749,
        91.6432083083685,
        85.8855023680758,
        80.58506206277767,
        75.7015313325183,
        71.19734365889359,
        67.0380318897883,
        63.192249587677274,
        59.631639836201956,
        56.33062954054239,
        53.26619377358865,
        50.41761518803727,
        47.76625206445214,
        45.29532185270231,
        42.989703155061285,
        40.83575686009082,
        38.82116589501776,
        36.9347924181343,
        35.166550979017,
        33.507296085936595,
        31.948722647422763,
        30.483277844510233,
        29.104083109261765,
        27.804865014561543
    ],
    "bs_fd": [],
    "bs_mc": [
        157.28522803858,
        147.9620989300086,
        138.23381312973882,
        129.62336259072296,
        120.85012169059279,
        113.25475344540129,
        105.69831239599074,
        99.17951211564471,
        93.10670060440735,
        87.57247588687395,
        81.84603889999002,
        77.0791793316953,
        72.40575290240024,
        68.21811679047701,
        64.21093126907115,
        60.898292517438605,
        57.388808571534625,
        54.23830837802926,
        51.334098995967175,
        48.587201307918185,
        46.27142419792856,
        43.955246702685336,
        41.59813781201846,
        39.455642762115076,
        37.516534179301836,
        35.863169723182125,
        33.989706123271084,
        32.525164671346886,
        30.967940202553866,
        29.472188589060828,
        28.3414868311669
    ],
    "heston_fd": [],
    "heston_fourier": [
        157.48660569317377,
        147.65025189926706,
        137.81389810536035,
        127.97754431145361,
        118.14119051754689,
        108.30483672364016,
        98.46848292973344,
        88.63212913582672,
        78.79577534191999,
        71.3862024845363,
        67.12437898763243,
        64.68482039500553,
        58.30918851345038,
        42.86811670125434,
        30.737361626222636,
        22.012930566203295,
        16.651082184577348,
        13.963691880329357,
        13.44688377360508,
        14.577906346549277,
        16.786466306550572,
        19.546718637905354,
        22.429938004698155,
        25.121838799259496,
        27.415426400543105,
        29.191148888800065,
        30.393537247866654,
        31.009912410967203,
        31.05360940213361,
        30.552088837823543,
        29.53923388438278
    ],
    "heston_mc": [
        151.9160732979863,
        141.94985533394689,
        132.2003147302438,
        122.34553413336988,
        112.50392649840336,
        102.6725206299417,
        92.84492246823224,
        83.16013037061606,
        73.33697974257542,
        63.7744702900365,
        54.43187581146212,
        45.65610498154327,
        37.32694374273394,
        29.921764179318878,
        23.405078414117558,
        17.934711894600625,
        13.343273061618252,
        9.742013059319687,
        6.9756876824548515,
        4.891520066303124,
        3.3823219418161434,
        2.280607300419888,
        1.536384831048141,
        1.0049407644534862,
        0.6626317376058383,
        0.42379376349583175,
        0.27276677112039077,
        0.17441859819131308,
        0.11199009722566078,
        0.06840255620355258,
        0.04739087813910944
    ],
    "strikes": [
        10.0,
        20.0,
        30.0,
        40.0,
        50.0,
        60.0,
        70.0,
        80.0,
        90.0,
        100.0,
        110.0,
        120.0,
        130.0,
        140.0,
        150.0,
        160.0,
        170.0,
        180.0,
        190.0,
        200.0,
        210.0,
        220.0,
        230.0,
        240.0,
        250.0,
        260.0,
        270.0,
        280.0,
        290.0,
        300.0,
        310.0
    ]
}