{
    "bs_analytical": [
        59.68678846982324,
        59.0068520470735,
        58.337089156222014,
        57.67731214169443,
        57.02733726563263,
        56.38698463007541,
        55.756078099539224,
        55.134445224136556,
        54.52191716335173,
        53.918328610578754,
        53.32351771851118,
        52.73732602546181,
        52.15959838267854,
        51.5901828827128,
        51.02893078888735,
        50.4756964659026,
        49.93033731161318,
        49.39271368999996,
        48.86268886535663,
        48.34012893770541,
        47.82490277945106,
        47.316881973278946,
        46.8159407512988,
        46.321955935432776,
        45.8348068790436,
        45.35437540979594,
        44.88054577374228,
        44.41320458062183,
        43.95224075036058,
        43.49754546075792,
        43.04901209634492,
        42.60653619839743,
        42.17001541608733,
        41.73934945875346,
        41.31444004927359,
        40.895190878518434,
        40.481507560868074,
        40.07329759077084,
        39.67047030032445,
        39.272936817859275,
        38.880610027503415
    ],
    "bs_fd": [],
    "bs_mc": [
        60.62629788699657,
        60.41377812044859,
        59.63179169239559,
        58.77837982991338,
        57.83739922121917,
        57.45864983226702,
        56.74749147160149,
        56.167038621492885,
        55.77302202907324,
        55.033074613310326,
        54.15974894754255,
        53.70013382790901,
        53.33349893614065,
        52.6470444468602,
        52.03167634219873,
        51.21809359864751,
        50.847251322077156,
        50.16537405771254,
        49.632422741956134,
        49.192817746842174,
        48.91108697838817,
        48.368594398992016,
        47.83612497211044,
        47.30341920250796,
        46.390762985151596,
        46.20117866380152,
        45.35058674955051,
        45.146128049969526,
        44.59837932606729,
        44.33724900866245,
        43.50400673039292,
        43.18643475651508,
        42.842849454832965,
        42.37087757925241,
        42.14225562031636,
        41.58043391031539,
        41.267215650537906,
        40.89048947084418,
        40.116106534740965,
        39.89521159658007,
        39.50678127796672
    ],
    "heston_fd": [],
    "heston_fourier": [
        36.65607783003331,
        35.90294130607341,
        35.24805566221886,
        34.689811236817945,
        34.16365624215374,
        33.56911406143799,
        33.00913596303342,
        32.48275064829428,
        31.98894596215154,
        31.526674451944686,
        31.094858614199666,
        30.692395835954194,
        30.318163038058017,
        29.971021028558162,
        29.649818574834825,
        29.35339620359997,
        29.08058973821391,
        28.830233583024942,
        28.60116376461019,
        28.392220739896388,
        28.202251981170832,
        28.030114347981005,
        27.874676255843987,
        27.734819651585283,
        27.609441804970466,
        27.497456926123768,
        27.39779761801519,
        27.309416173074617,
        27.23128572274453,
        27.16240124852414,
        27.101780462782337,
        27.048464567340055,
        27.001518897532463,
        26.960033459171633,
        26.923123365534686,
        26.8899291812113,
        26.859617179347836,
        26.831379518538846,
        26.80443434532443,
        26.77802582797457,
        26.751424126961556
    ],
    "heston_mc": [
        27.91462361754906,
        27.05996855001446,
        26.3748872663802,
        25.66716860476818,
        24.83651759830906,
        24.128177925796987,
        23.44773150682452,
        22.82746759503007,
        22.133959910596047,
        21.394990838340348,
        20.806209513798883,
        20.183366576789314,
        19.648703980311193,
        19.0398559403894,
        18.52814033413149,
        17.99424422250693,
        17.478618618881793,
        16.88375789664942,
        16.368773736864405,
        15.849352856929375,
        15.33728421272946,
        14.992143359165643,
        14.534058099937637,
        14.069512288472373,
        13.629392012907903,
        13.225826808830174,
        12.77464260489984,
        12.430985850340248,
        12.095622798122353,
        11.684531190809462,
        11.30029799070614,
        11.019236838971123,
        10.684236111591808,
        10.314117016421804,
        10.02356454759683,
        9.713630023203338,
        9.424605989939915,
        9.009617391213693,
        8.776227275904485,
        8.545036365899719,
        8.220612566790045
    ],
    "strikes": [
        160.0,
        162.0,
        164.0,
        166.0,
        168.0,
        170.0,
        172.0,
        174.0,
        176.0,
        178.0,
        180.0,
        182.0,
        184.0,
        186.0,
        188.0,
        190.0,
        192.0,
        194.0,
        196.0,
        198.0,
        200.0,
        202.0,
        204.0,
        206.0,
        208.0,
        210.0,
        212.0,
        214.0,
        216.0,
        218.0,
        220.0,
        222.0,
        224.0,
        226.0,
        228.0,
        230.0,
        232.0,
        234.0,
        236.0,
        238.0,
        240.0
    ]
}