{
    "bs_analytical": [
        210.2551917116189,
        199.49141457820414,
        187.82353058949997,
        175.6009729597439,
        163.19067241222268,
        150.87582941984363,
        138.85339681566927,
        127.25193436526818,
        116.1499764285393,
        105.59071118506772,
        95.59283516116778,
        86.15833957668795,
        77.27802422760979,
        68.93537931975607,
        61.10930913105766,
        53.77603682618869,
        46.910430325071005,
        40.48691822614603,
        34.48011493590464,
        28.86523925694901,
        23.618386237240443,
        18.716694898842817,
        14.138442332216258,
        9.863086033679124,
        5.8712702243597334,
        2.14480748905666,
        0.0,
        0.0,
        0.0,
        0.0,
        0.0
    ],
    "bs_fd": [],
    "bs_mc": [
        210.4054560737033,
        200.59383253257008,
        190.7311934775943,
        180.8635888094643,
        171.04154818226243,
        161.15360916292605,
        151.28834461343408,
        141.41810994958354,
        131.65071557082274,
        121.75524841567182,
        112.01857381425346,
        102.16114281597461,
        92.2756118212606,
        82.51067265687541,
        72.8094994479119,
        63.313896444140894,
        54.28494803086357,
        45.57325426723509,
        37.56567872587438,
        30.358095535826905,
        24.09939633807607,
        18.76256395791402,
        14.3184927441694,
        10.720333288491409,
        7.836937196372386,
        5.735662046110805,
        4.094006233062929,
        2.8819359901441404,
        2.0087476433233826,
        1.3878498875920144,
        0.942022083006934
    ],
    "heston_fd": [],
    "heston_fourier": [
        210.3806139859414,
        200.5412279718828,
        190.70184195782417,
        180.86245594376558,
        171.023069929707,
        161.18368391564837,
        151.34429790158975,
        141.50491188753116,
        131.66552587347257,
        121.82613985941396,
        111.98675384535535,
        102.14736783129675,
        92.30798181723814,
        84.13252484992182,
        75.84164724372016,
        67.56265133185991,
        58.29186461413204,
        49.720752571301574,
        40.55697043832538,
        34.41984224416666,
        19.984275228708583,
        7.666342887128934,
        2.9705766460193246,
        7.355991060943362,
        7.396410043939226,
        11.775029980841682,
        13.723924183453974,
        16.075630531789795,
        20.37932820228756,
        23.704763656530627,
        26.094453299953898
    ],
    "heston_mc": [
        203.97464975318746,
        194.14750926757458,
        184.28943141461394,
        174.46628182412198,
        164.63974246195667,
        154.79799808330804,
        144.94998508036153,
        135.1263993857745,
        125.28360268777935,
        115.43483271212726,
        105.59033602397723,
        95.77625747119487,
        85.92229153487185,
        76.06931175758568,
        66.22964704710333,
        56.40620646370915,
        46.58489687319382,
        36.77887444643857,
        27.089482641087343,
        17.751196594956852,
        9.356529130356625,
        3.1738357159086723,
        0.5370946835923973,
        0.0550907491119822,
        0.0052365916583636506,
        0.000484129835187235,
        7.289433194588179e-05,
        0.0,
        0.0,
        0.0,
        0.0
    ],
    "strikes": [
        10.0,
        20.0,
        30.0,
        40.0,
        50.0,
        60.0,
        70.0,
        80.0,
        90.0,
        100.0,
        110.0,
        120.0,
        130.0,
        140.0,
        150.0,
        160.0,
        170.0,
        180.0,
        190.0,
        200.0,
        210.0,
        220.0,
        230.0,
        240.0,
        250.0,
        260.0,
        270.0,
        280.0,
        290.0,
        300.0,
        310.0
    ]
}