{
    "bs_analytical": [
        58.130458506669015,
        49.674826593092135,
        41.79753686959762,
        34.464920344839186,
        27.64359349599468,
        21.301066289775235,
        15.406124459364321,
        9.929055224924625,
        4.841764891858475,
        0.11782235390256801
    ],
    "bs_fd": [],
    "bs_mc": [
        69.79224081591052,
        59.73442352182008,
        49.78368158592699,
        41.346760424020665,
        31.02816932537784,
        22.459641685767277,
        16.010392885784157,
        11.104540577967862,
        6.608304610769637,
        4.055930008371349
    ],
    "heston_fd": [],
    "heston_fourier": [
        100.95107436770508,
        101.0241114023024,
        82.88576042616361,
        67.3253960397741,
        54.46238148280409,
        44.07436694793341,
        35.920587666789785,
        29.747429561678615,
        25.29653878476158,
        22.31330252514941
    ],
    "heston_mc": [
        69.45887459498203,
        58.458213262531565,
        47.76492921839414,
        41.08080691859507,
        37.85840753609647,
        27.668308415150523,
        25.769292396760388,
        24.554930131303667,
        20.789777705326863,
        16.390492218700768
    ],
    "strikes": [
        160.60860723547256,
        172.0806506094349,
        183.55269398339723,
        195.02473735735956,
        206.49678073132188,
        217.9688241052842,
        229.44086747924655,
        240.9129108532089,
        252.38495422717122,
        263.8569976011335
    ]
}