{
    "bs_analytical": [
        58.130458506669015,
        49.674826593092135,
        41.79753686959762,
        34.464920344839186,
        27.64359349599468,
        21.301066289775235,
        15.406124459364321,
        9.929055224924625,
        4.841764891858475,
        0.11782235390256801
    ],
    "bs_fd": [],
    "bs_mc": [
        70.28237373310087,
        60.448224571961774,
        50.073358408956,
        39.381174880480444,
        29.294539108493506,
        22.15387341501711,
        15.85749659903406,
        10.41663025288109,
        6.421381254259064,
        4.28128577693291
    ],
    "heston_fd": [],
    "heston_fourier": [
        100.95107436770508,
        101.0241114023024,
        82.88576042616361,
        67.3253960397741,
        54.46238148280409,
        44.07436694793341,
        35.920587666789785,
        29.747429561678615,
        25.29653878476158,
        22.31330252514941
    ],
    "heston_mc": [
        63.798154873109866,
        54.84738084226104,
        47.180939102920476,
        40.499230664727136,
        35.95333656194841,
        31.783362221694375,
        22.995780322295957,
        23.798297575269732,
        16.77146198342471,
        14.500901336892772
    ],
    "strikes": [
        160.60860723547256,
        172.0806506094349,
        183.55269398339723,
        195.02473735735956,
        206.49678073132188,
        217.9688241052842,
        229.44086747924655,
        240.9129108532089,
        252.38495422717122,
        263.8569976011335
    ]
}