{
    "bs_analytical": [
        95.59283516116778,
        86.15833957668795,
        77.27802422760979,
        68.93537931975607,
        61.10930913105766,
        53.77603682618869,
        46.910430325071005,
        40.48691822614603,
        34.48011493590464,
        28.86523925694901,
        23.618386237240443,
        18.716694898842817,
        14.138442332216258,
        9.863086033679124,
        5.8712702243597334,
        2.14480748905666,
        0.0,
        0.0,
        0.0,
        0.0
    ],
    "bs_fd": [],
    "bs_mc": [
        111.98179847781792,
        102.13299038200317,
        92.2763893492111,
        82.61673536162513,
        72.86215607478303,
        63.4007972288333,
        54.192934106528526,
        45.65673253091157,
        37.5875261612162,
        30.37905469299989,
        24.12163697967487,
        18.703852657338896,
        14.27926990317276,
        10.72316760828884,
        7.893719779599144,
        5.713424556920209,
        4.0990624387030055,
        2.889745899507696,
        2.007701212301304,
        1.374046821238474
    ],
    "heston_fd": [],
    "heston_fourier": [
        111.98675384535535,
        102.14736783129675,
        92.30798181723814,
        84.16809515854001,
        76.43226758957078,
        68.61888119469074,
        61.051467734557434,
        54.822376203187304,
        49.353354222690996,
        34.195614755488634,
        20.843741070691408,
        10.824886267396892,
        5.926784702903987,
        6.86612700305399,
        11.47975587101371,
        16.474236711639985,
        15.496357611173087,
        17.391186842442075,
        20.183251560337567,
        23.357651875385155
    ],
    "heston_mc": [
        96.35698675382287,
        86.515620109181,
        76.6730154123871,
        66.89564192999286,
        57.086818881764394,
        47.3920389706103,
        37.84743532348747,
        28.641655043290793,
        20.008393818788342,
        12.448183268099337,
        6.548775574862077,
        2.76382827679091,
        0.9200403070900959,
        0.26170886077013766,
        0.0659818043607999,
        0.01752850926310346,
        0.004687334822826412,
        0.0012986299845596087,
        0.0002507937054463923,
        0.00011719617341162593
    ],
    "strikes": [
        110.0,
        120.0,
        130.0,
        140.0,
        150.0,
        160.0,
        170.0,
        180.0,
        190.0,
        200.0,
        210.0,
        220.0,
        230.0,
        240.0,
        250.0,
        260.0,
        270.0,
        280.0,
        290.0,
        300.0
    ]
}