{
    "bs_analytical": [
        93.48845227943283,
        92.18724727133923,
        90.91237202637316,
        89.66305614235823,
        88.43856338017758,
        87.23818932100366,
        86.06125925046666,
        84.90712624254562,
        83.77516941965953,
        82.66479236858618,
        81.57542169453319,
        80.50650569799329,
        79.45751316099492,
        78.4279322310594,
        77.41726939263873,
        76.42504851706812,
        75.45080998315619,
        74.49410986147637,
        73.55451915623983,
        72.63162309933693,
        71.7250204917516,
        70.83432308808823,
        69.95915502042084,
        69.0991522580825,
        68.2539621003733,
        67.42324269948026,
        66.60666261117963,
        65.80390037113699,
        65.01464409483611,
        64.23859109935906
    ],
    "bs_fd": [],
    "bs_mc": [
        94.16272650072261,
        93.40966697956819,
        90.6241708327826,
        92.6779128070358,
        89.55079183595916,
        89.00454434523324,
        86.47880374197283,
        87.19845616251045,
        84.37612553619334,
        83.75049638810434,
        82.66344608093547,
        83.78400111186703,
        84.34038495263746,
        81.92794292006921,
        80.5546921289104,
        79.7408202313876,
        76.96094626105902,
        77.7720738328135,
        76.12514925594809,
        77.28484332669841,
        75.05376238447995,
        74.67212308638409,
        73.09155606303614,
        72.05866198687951,
        71.0506722204457,
        70.87609031961944,
        70.81032321156948,
        70.45574422306399,
        67.44779791981458,
        69.1004570423819
    ],
    "heston_fd": [],
    "heston_fourier": [
        81.57033288233734,
        75.40208165480821,
        69.75002822478899,
        64.57393689675625,
        59.84030479869429,
        55.521034059186135,
        51.592381023308675,
        48.034122054451714,
        44.82888978185737,
        41.961644262262865,
        39.41925146199995,
        37.19014746055285,
        35.264071344490944,
        33.631853271993265,
        32.285246910285785,
        31.21679757600721,
        30.110928925512177,
        29.124842468395855,
        28.253642731742566,
        27.49193204002256,
        26.833903966782387,
        26.27343007322426,
        25.804139834212883,
        25.419493752135004,
        25.112849743367306,
        24.877522952237854,
        24.70683920462303,
        24.59418235900297,
        24.533035848132947,
        24.51701873066105
    ],
    "heston_mc": [
        48.92109269614898,
        46.628544828193796,
        44.31790320450937,
        42.23015271798928,
        40.23242990168398,
        38.21865415299528,
        36.53505835037236,
        34.558829856093396,
        32.83835233781537,
        31.122671545365275,
        29.645699038338456,
        28.027713501485515,
        26.536363252719223,
        25.119075411213156,
        23.75353882396145,
        22.433148277927355,
        21.190603030412245,
        20.003228834561877,
        19.008073984179294,
        17.792511325494342,
        16.82593767031867,
        15.896508789739855,
        15.021372747172343,
        14.135730753240477,
        13.305176692783647,
        12.54774426262247,
        11.80639866613182,
        11.133656690124335,
        10.467849507139144,
        9.833546458030458
    ],
    "strikes": [
        117.12607164095635,
        120.47253083069796,
        123.81899002043957,
        127.1654492101812,
        130.5119083999228,
        133.8583675896644,
        137.204826779406,
        140.5512859691476,
        143.89774515888925,
        147.24420434863083,
        150.59066353837244,
        153.93712272811405,
        157.28358191785568,
        160.6300411075973,
        163.9765002973389,
        167.3229594870805,
        170.66941867682212,
        174.01587786656373,
        177.36233705630534,
        180.70879624604697,
        184.05525543578858,
        187.40171462553016,
        190.74817381527177,
        194.09463300501338,
        197.441092194755,
        200.7875513844966,
        204.13401057423823,
        207.48046976397984,
        210.82692895372145,
        214.17338814346303
    ]
}