{
    "bs_analytical": [
        93.48845227943283,
        92.18724727133923,
        90.91237202637316,
        89.66305614235823,
        88.43856338017758,
        87.23818932100366,
        86.06125925046666,
        84.90712624254562,
        83.77516941965953,
        82.66479236858618,
        81.57542169453319,
        80.50650569799329,
        79.45751316099492,
        78.4279322310594,
        77.41726939263873,
        76.42504851706812,
        75.45080998315619,
        74.49410986147637,
        73.55451915623983,
        72.63162309933693,
        71.7250204917516,
        70.83432308808823,
        69.95915502042084,
        69.0991522580825,
        68.2539621003733,
        67.42324269948026,
        66.60666261117963,
        65.80390037113699,
        65.01464409483611,
        64.23859109935906
    ],
    "bs_fd": [],
    "bs_mc": [
        95.73534380616522,
        91.85313340340936,
        93.81721444062302,
        91.59379458101479,
        89.53143360824667,
        88.72333011785895,
        88.21369265522226,
        86.87840174494055,
        86.70639025500991,
        86.74185192805379,
        82.82776322563052,
        82.42557148708448,
        81.1372210482104,
        80.60835832252991,
        77.88846190672929,
        77.9444050233829,
        78.26761606677849,
        77.56949601810837,
        76.67263725969335,
        74.08211661398987,
        77.11492944194886,
        73.55057569135009,
        73.6222637732971,
        72.30767156894822,
        70.94818314869639,
        70.04238092734161,
        69.0720489904592,
        68.19808151631727,
        68.62529693612586,
        67.57866290603371
    ],
    "heston_fd": [],
    "heston_fourier": [
        79.05669359813936,
        74.7705276952687,
        68.82478192828886,
        63.344729435439916,
        58.30154757143541,
        53.67138511106535,
        49.43428528929522,
        45.57333185012456,
        42.073973160448816,
        38.92348930673059,
        36.11057448030829,
        33.62501255827624,
        31.4574280859661,
        29.59909820894606,
        28.041813733808638,
        26.777779595438673,
        25.603850039616745,
        24.585791950159027,
        23.717243653008005,
        22.99104036770411,
        22.399362306831684,
        21.933873773030548,
        21.585852471215865,
        21.346308518863836,
        21.206092871662833,
        21.15599508576158,
        21.186830512163,
        21.28951716490323,
        21.455142624284626,
        21.675021431627393
    ],
    "heston_mc": [
        46.635716683521636,
        44.25517909510908,
        41.93317384420682,
        39.785554009082475,
        37.364438212992916,
        35.39232204874625,
        33.34538201142368,
        31.464177593868254,
        29.578882216283343,
        27.926917844897957,
        26.31139171695182,
        24.590752748815778,
        23.147848985157708,
        21.678040768637835,
        20.206838695117494,
        18.859289571636804,
        17.80641031128656,
        16.61276537066542,
        15.530401149278406,
        14.42673883259698,
        13.461238759583445,
        12.565111903872692,
        11.64948788974892,
        10.819727753628273,
        10.143182678312268,
        9.370449126308422,
        8.697674335785937,
        8.030779590139385,
        7.538400310335027,
        6.9814702576901455
    ],
    "strikes": [
        117.12607164095635,
        120.47253083069796,
        123.81899002043957,
        127.1654492101812,
        130.5119083999228,
        133.8583675896644,
        137.204826779406,
        140.5512859691476,
        143.89774515888925,
        147.24420434863083,
        150.59066353837244,
        153.93712272811405,
        157.28358191785568,
        160.6300411075973,
        163.9765002973389,
        167.3229594870805,
        170.66941867682212,
        174.01587786656373,
        177.36233705630534,
        180.70879624604697,
        184.05525543578858,
        187.40171462553016,
        190.74817381527177,
        194.09463300501338,
        197.441092194755,
        200.7875513844966,
        204.13401057423823,
        207.48046976397984,
        210.82692895372145,
        214.17338814346303
    ]
}