{
    "bs_analytical": [
        157.44511572436804,
        147.50721657101815,
        137.79390353634713,
        128.54538865432556,
        119.87977544521694,
        111.83514957305562,
        104.40539719244262,
        97.5618575957115,
        91.26553547911928,
        85.47382111094029,
        80.14410694889004,
        75.23565837943143,
        70.71050292998493,
        66.53377043119596,
        62.67373079653309,
        59.101671001019206,
        55.79169268378778,
        52.72047697336145,
        49.867042796259035,
        47.21251299028231,
        44.73989553211046,
        42.43388309578316,
        40.28067180607849,
        38.26779873949821,
        36.38399703657877,
        34.619067169598715,
        32.96376280599675,
        31.409689726689543,
        29.949216343437016,
        28.57539447640486,
        27.281889181933593
    ],
    "bs_fd": [],
    "bs_mc": [
        157.68753357950865,
        147.73571544113818,
        138.44084396988868,
        129.5820506230138,
        120.7136542537674,
        112.83309571963252,
        105.52815104487844,
        98.7662756675583,
        92.85850364046829,
        87.10193180805233,
        81.47282730508753,
        76.72148131808372,
        71.98819910092423,
        67.98320923826194,
        63.72147615360612,
        60.05112081998148,
        56.676601469411175,
        53.632783434160395,
        50.83788727448322,
        48.35438079802987,
        45.61346973683939,
        43.015514483552856,
        40.968438715621076,
        38.74426899015417,
        37.00599171410455,
        35.151203879587534,
        33.55347594582835,
        31.776142286293975,
        30.20465466329986,
        29.01955410159113,
        27.45279660785123
    ],
    "heston_fd": [],
    "heston_fourier": [
        157.48357347302192,
        147.6441874589633,
        137.80480144490468,
        127.9654154308461,
        118.12602941678749,
        108.28664340272888,
        98.44725738867028,
        88.60787137461168,
        78.76848536055307,
        68.92909934649447,
        61.22817115209217,
        53.454336842879414,
        46.076057489129624,
        40.72922398557233,
        28.867800922171952,
        15.434044630228215,
        6.45060025154919,
        4.464140152584022,
        8.666912735024184,
        10.974218537823434,
        12.287527853672453,
        15.151219224803619,
        18.364374110924818,
        21.535025024396546,
        24.547250456862525,
        27.565338655748313,
        30.470039932500065,
        32.218683793283624,
        32.10970161479239,
        31.48070492788379,
        30.44848169867582
    ],
    "heston_mc": [
        143.88010436275906,
        134.0897399178447,
        124.23845327008462,
        114.38654729145897,
        104.58137982970054,
        94.74213805442749,
        84.8971871503314,
        75.04072274113832,
        65.22711601279438,
        55.381655609626854,
        45.582730167102504,
        35.873162838070755,
        26.396660914040133,
        17.464962245978956,
        9.687065499938997,
        3.955112078011612,
        1.0061588075167303,
        0.1430326934829992,
        0.013535510147291867,
        0.001109575369664482,
        6.356833915065293e-05,
        1.1838183091792347e-06,
        0.0,
        0.0,
        0.0,
        0.0,
        0.0,
        0.0,
        0.0,
        0.0,
        0.0
    ],
    "strikes": [
        10.0,
        20.0,
        30.0,
        40.0,
        50.0,
        60.0,
        70.0,
        80.0,
        90.0,
        100.0,
        110.0,
        120.0,
        130.0,
        140.0,
        150.0,
        160.0,
        170.0,
        180.0,
        190.0,
        200.0,
        210.0,
        220.0,
        230.0,
        240.0,
        250.0,
        260.0,
        270.0,
        280.0,
        290.0,
        300.0,
        310.0
    ]
}