{
    "bs_analytical": [
        95.59283516116778,
        86.15833957668795,
        77.27802422760979,
        68.93537931975607,
        61.10930913105766,
        53.77603682618869,
        46.910430325071005,
        40.48691822614603,
        34.48011493590464,
        28.86523925694901,
        23.618386237240443,
        18.716694898842817,
        14.138442332216258,
        9.863086033679124,
        5.8712702243597334,
        2.14480748905666,
        0.0,
        0.0,
        0.0,
        0.0
    ],
    "bs_fd": [],
    "bs_mc": [
        112.01297447198658,
        102.15713525174037,
        92.3280457034751,
        82.52030601983272,
        72.82830565229673,
        63.31610830914851,
        54.221451551019975,
        45.6307278947474,
        37.605153691873426,
        30.393605868239014,
        24.14090726688114,
        18.71133451793771,
        14.265110151221421,
        10.711258692826291,
        7.8955413073956215,
        5.7213231594684615,
        4.108191569882252,
        2.8867525858632983,
        1.987175405375845,
        1.3890444783751394
    ],
    "heston_fd": [],
    "heston_fourier": [
        111.98675384535535,
        102.14736783129675,
        92.30798181723814,
        84.14014720697168,
        76.35435091855126,
        68.47133907701797,
        60.74601623203253,
        54.299443411847136,
        49.42513462073666,
        34.19407488227995,
        20.724248179252044,
        10.587357182200464,
        5.696490079862514,
        6.8214226788453445,
        11.572874945593528,
        15.672510275792547,
        15.230707877736773,
        17.28226397858737,
        20.141597349985105,
        23.358156576261152
    ],
    "heston_mc": [
        96.61029519576279,
        86.74702705215527,
        76.93247851425693,
        67.07549713344851,
        57.333331633148994,
        47.59534797987446,
        38.05180548054179,
        28.76048700765821,
        20.065235849855007,
        12.440121835182424,
        6.449708732827579,
        2.66640436320004,
        0.8578373141225594,
        0.23254252858435037,
        0.05812759672463629,
        0.014667828917168352,
        0.0037136824549770884,
        0.0009430586446577078,
        0.00022350779437027714,
        0.00010362420522037296
    ],
    "strikes": [
        110.0,
        120.0,
        130.0,
        140.0,
        150.0,
        160.0,
        170.0,
        180.0,
        190.0,
        200.0,
        210.0,
        220.0,
        230.0,
        240.0,
        250.0,
        260.0,
        270.0,
        280.0,
        290.0,
        300.0
    ]
}