{
    "bs_analytical": [
        58.130458506669015,
        49.674826593092135,
        41.79753686959762,
        34.464920344839186,
        27.64359349599468,
        21.301066289775235,
        15.406124459364321,
        9.929055224924625,
        4.841764891858475,
        0.11782235390256801
    ],
    "bs_fd": [],
    "bs_mc": [
        72.06218798170289,
        60.422500775251315,
        49.342849238280415,
        38.55310714474306,
        30.051723599088202,
        21.43413394033703,
        15.645616531422522,
        10.699746382457525,
        6.482055505407404,
        4.013424304958995
    ],
    "heston_fd": [],
    "heston_fourier": [
        100.95107436770508,
        101.0241114023024,
        82.88576042616361,
        67.3253960397741,
        54.46238148280409,
        44.07436694793341,
        35.920587666789785,
        29.747429561678615,
        25.29653878476158,
        22.31330252514941
    ],
    "heston_mc": [
        65.07139878535311,
        56.992365477806985,
        48.74279142250156,
        40.811027934871916,
        35.98160169679215,
        31.55239425209829,
        27.372358987275064,
        22.966749934245925,
        21.036376146568813,
        17.90931905296214
    ],
    "strikes": [
        160.60860723547256,
        172.0806506094349,
        183.55269398339723,
        195.02473735735956,
        206.49678073132188,
        217.9688241052842,
        229.44086747924655,
        240.9129108532089,
        252.38495422717122,
        263.8569976011335
    ]
}