{
    "bs_analytical": [
        210.2551917116189,
        199.49141457820414,
        187.82353058949997,
        175.6009729597439,
        163.19067241222268,
        150.87582941984363,
        138.85339681566927,
        127.25193436526818,
        116.1499764285393,
        105.59071118506772,
        95.59283516116778,
        86.15833957668795,
        77.27802422760979,
        68.93537931975607,
        61.10930913105766,
        53.77603682618869,
        46.910430325071005,
        40.48691822614603,
        34.48011493590464,
        28.86523925694901,
        23.618386237240443,
        18.716694898842817,
        14.138442332216258,
        9.863086033679124,
        5.8712702243597334,
        2.14480748905666,
        0.0,
        0.0,
        0.0,
        0.0,
        0.0
    ],
    "bs_fd": [],
    "bs_mc": [
        210.3673161957974,
        200.53735121789188,
        190.7252727922075,
        180.8209375699886,
        170.97949410019845,
        161.21066379027909,
        151.3289759039192,
        141.42136989969893,
        131.61809145343017,
        121.83126978424467,
        112.01982867078857,
        102.11274856584154,
        92.2501051427377,
        82.56852854693818,
        72.8316824927479,
        63.41616745753738,
        54.29214937181608,
        45.584267866651274,
        37.54202779771148,
        30.397866568943456,
        24.067900301195063,
        18.752681628478996,
        14.336590364471169,
        10.69194478129462,
        7.882695784770752,
        5.745845287708168,
        4.122707443621358,
        2.881179801103683,
        2.009050750863033,
        1.3877897312045535,
        0.9420256545039418
    ],
    "heston_fd": [],
    "heston_fourier": [
        210.3806139859414,
        200.5412279718828,
        190.70184195782417,
        180.86245594376558,
        171.023069929707,
        161.18368391564837,
        151.34429790158975,
        141.50491188753116,
        131.66552587347257,
        121.82613985941396,
        111.98675384535535,
        102.14736783129675,
        92.30798181723814,
        84.05145581515279,
        76.20021263665771,
        68.15174492784206,
        60.30105326071677,
        53.737099007072004,
        49.33246780594956,
        33.986265543442755,
        20.526797163752803,
        10.604372395128294,
        5.996346701408953,
        6.999927043363577,
        11.42140695182201,
        16.531711918338573,
        15.905824875291122,
        17.537626039506133,
        20.262888842062516,
        23.365956361303546,
        26.496260512825703
    ],
    "heston_mc": [
        200.65180319002496,
        190.80296326045342,
        180.97275614307011,
        171.11636072323475,
        161.25198482222945,
        151.4222072260685,
        141.6083632912307,
        131.76543655000307,
        121.90517248803955,
        112.08599377037825,
        102.2398768114046,
        92.38433922719635,
        82.57878009825657,
        72.74134662794252,
        62.935122490485185,
        53.14003495209724,
        43.43560131420872,
        33.96479458430866,
        24.9585436209988,
        16.720401303322262,
        9.83763750718125,
        4.8873052003866775,
        1.9967896614059222,
        0.6767673583158553,
        0.2046756734584937,
        0.0565089316345131,
        0.015922274871065036,
        0.004764690460371198,
        0.0012056138643084045,
        0.00037176604289976565,
        1.2492767086028754e-05
    ],
    "strikes": [
        10.0,
        20.0,
        30.0,
        40.0,
        50.0,
        60.0,
        70.0,
        80.0,
        90.0,
        100.0,
        110.0,
        120.0,
        130.0,
        140.0,
        150.0,
        160.0,
        170.0,
        180.0,
        190.0,
        200.0,
        210.0,
        220.0,
        230.0,
        240.0,
        250.0,
        260.0,
        270.0,
        280.0,
        290.0,
        300.0,
        310.0
    ]
}