{
    "bs_analytical": [
        157.45268465244823,
        147.54352332154926,
        137.87635242357936,
        128.68190868507924,
        120.07180636181796,
        112.08044675995059,
        104.69983404468329,
        97.90049000050749,
        91.6432083083685,
        85.8855023680758,
        80.58506206277767,
        75.7015313325183,
        71.19734365889359,
        67.0380318897883,
        63.192249587677274,
        59.631639836201956,
        56.33062954054239,
        53.26619377358865,
        50.41761518803727,
        47.76625206445214,
        45.29532185270231,
        42.989703155061285,
        40.83575686009082,
        38.82116589501776,
        36.9347924181343,
        35.166550979017,
        33.507296085936595,
        31.948722647422763,
        30.483277844510233,
        29.104083109261765,
        27.804865014561543
    ],
    "bs_fd": [],
    "bs_mc": [
        157.57099281748748,
        148.04751333794616,
        138.2317538181878,
        129.28643756451174,
        120.87935270278297,
        113.32567213153133,
        105.68588414033889,
        99.1265739959677,
        92.85756413465461,
        87.31781998232016,
        81.71671278327956,
        77.14536263008291,
        72.42887863511744,
        68.14091616082682,
        64.12817404953532,
        60.74369726677754,
        57.144189803306524,
        54.44482302940762,
        51.214899028510935,
        48.61141078395319,
        46.11702386376456,
        43.59677774899018,
        41.540176823588915,
        39.59740589252319,
        37.591396324948086,
        35.723406371369514,
        34.17108887417529,
        32.6020565239361,
        31.149141722117925,
        29.48858746535,
        28.291275665150952
    ],
    "heston_fd": [],
    "heston_fourier": [
        157.48660569317377,
        147.65025189926706,
        137.81389810536035,
        127.97754431145361,
        118.14119051754689,
        108.30483672364016,
        98.46848292973344,
        88.63212913582672,
        78.79577534191999,
        68.95942154801327,
        61.99059449137458,
        55.498609731776284,
        50.777370287646875,
        43.41265655807011,
        28.673942826420173,
        17.174461771230284,
        10.02773442985854,
        7.498942112704995,
        8.864041851752695,
        12.561201955906274,
        16.980912662387965,
        19.390406602554556,
        20.117289102123237,
        22.20907270987549,
        24.853547326839028,
        27.665173371706743,
        30.476072551469272,
        32.154371724113595,
        32.0213932286514,
        31.402558171199495,
        30.320962319597335
    ],
    "heston_mc": [
        148.41553000745324,
        138.59281547100156,
        128.75838092210796,
        118.93035940659222,
        109.04033758051791,
        99.16829549335857,
        89.3009554224657,
        79.52230328103701,
        69.75229017387275,
        59.93128491053416,
        50.20700914785405,
        40.643579383708335,
        31.544400275637503,
        23.012590163242272,
        15.648845734339686,
        9.748712519400963,
        5.5261319045479205,
        2.7930909768477115,
        1.2794670541650546,
        0.5359553491664448,
        0.21373324381071473,
        0.08170056487794507,
        0.029090445679662333,
        0.009496434127990587,
        0.004049974262770074,
        0.0012139714149074913,
        0.0005394952772325381,
        0.00027311951291073005,
        0.00020869753515797597,
        3.130962908402785e-05,
        1.921209327683277e-06
    ],
    "strikes": [
        10.0,
        20.0,
        30.0,
        40.0,
        50.0,
        60.0,
        70.0,
        80.0,
        90.0,
        100.0,
        110.0,
        120.0,
        130.0,
        140.0,
        150.0,
        160.0,
        170.0,
        180.0,
        190.0,
        200.0,
        210.0,
        220.0,
        230.0,
        240.0,
        250.0,
        260.0,
        270.0,
        280.0,
        290.0,
        300.0,
        310.0
    ]
}