{
    "bs_analytical": [
        59.68678846982324,
        59.0068520470735,
        58.337089156222014,
        57.67731214169443,
        57.02733726563263,
        56.38698463007541,
        55.756078099539224,
        55.134445224136556,
        54.52191716335173,
        53.918328610578754,
        53.32351771851118,
        52.73732602546181,
        52.15959838267854,
        51.5901828827128,
        51.02893078888735,
        50.4756964659026,
        49.93033731161318,
        49.39271368999996,
        48.86268886535663,
        48.34012893770541,
        47.82490277945106,
        47.316881973278946,
        46.8159407512988,
        46.321955935432776,
        45.8348068790436,
        45.35437540979594,
        44.88054577374228,
        44.41320458062183,
        43.95224075036058,
        43.49754546075792,
        43.04901209634492,
        42.60653619839743,
        42.17001541608733,
        41.73934945875346,
        41.31444004927359,
        40.895190878518434,
        40.481507560868074,
        40.07329759077084,
        39.67047030032445,
        39.272936817859275,
        38.880610027503415
    ],
    "bs_fd": [],
    "bs_mc": [
        61.0436458041607,
        60.11844832487578,
        59.23899305185701,
        58.721367693041984,
        58.063878761879465,
        57.5385747387442,
        56.87228963909463,
        55.988998978959806,
        55.76370178113114,
        54.767664409439426,
        54.378852608811364,
        53.76106617576559,
        52.93955585462952,
        52.6708403021554,
        52.08577046737713,
        51.289732088821324,
        50.85919918552774,
        50.103173043167,
        49.61174714543242,
        49.33968002552704,
        48.749814506216026,
        48.201484190246276,
        47.96202136561927,
        47.2714276860215,
        46.69688947705006,
        46.203232204570114,
        45.788261827555466,
        45.216627390759626,
        45.05294149335002,
        44.582413742949484,
        43.72714882283074,
        43.42611411778499,
        42.87467846638836,
        42.32103892747886,
        42.06725720134993,
        41.77288982958365,
        41.37019245092136,
        40.6736947456317,
        40.42095897107299,
        39.91007179495612,
        39.63069579282377
    ],
    "heston_fd": [],
    "heston_fourier": [
        36.702632717303,
        35.95095843501496,
        35.2975085033317,
        34.7406749026234,
        34.21559959013992,
        33.62144934487506,
        33.06174805249324,
        32.53552717052269,
        32.041777539077096,
        31.579454911959054,
        31.147485176882938,
        30.744769271459916,
        30.370187802401958,
        30.022605376073116,
        29.700874649063984,
        29.403840107898965,
        29.13034158732428,
        28.879217536867372,
        28.649308045523888,
        28.439457634523976,
        28.248517828161475,
        28.075349512644387,
        27.918825092855705,
        27.777830456801837,
        27.65126675737141,
        27.538052020855467,
        27.43712259146578,
        27.347434420866527,
        27.26796421148594,
        27.197710422113147,
        27.13569414401794,
        27.080959855544585,
        27.03257606285164,
        26.989635834170834,
        26.95125723467492,
        26.91658366874033,
        26.884784136110838,
        26.855053408169354,
        26.826612130241777,
        26.798706855582132,
        26.77061001640005
    ],
    "heston_mc": [
        27.933473802060032,
        27.090636505168753,
        26.341958969816123,
        25.701446625900505,
        24.93190703150403,
        24.23782444473406,
        23.504775328414794,
        22.83730214687594,
        22.139667906210956,
        21.491992103289174,
        20.806067037551514,
        20.35048540228462,
        19.675356186705084,
        19.07820833192502,
        18.501833762960487,
        17.92738996972215,
        17.451821036911046,
        16.89309461791344,
        16.399415788710545,
        15.844979263798416,
        15.491492212169566,
        14.936161092767785,
        14.568717029861773,
        14.009440867082546,
        13.670286105323333,
        13.207153564536904,
        12.86929132949255,
        12.508192998590204,
        12.115714188374945,
        11.717239947937072,
        11.338341316761277,
        11.040018845360995,
        10.658305568836855,
        10.347500022366178,
        10.019025505140757,
        9.752278571811733,
        9.492981893909132,
        9.14446633769779,
        8.844112954597799,
        8.577623044183,
        8.315394324107585
    ],
    "strikes": [
        160.0,
        162.0,
        164.0,
        166.0,
        168.0,
        170.0,
        172.0,
        174.0,
        176.0,
        178.0,
        180.0,
        182.0,
        184.0,
        186.0,
        188.0,
        190.0,
        192.0,
        194.0,
        196.0,
        198.0,
        200.0,
        202.0,
        204.0,
        206.0,
        208.0,
        210.0,
        212.0,
        214.0,
        216.0,
        218.0,
        220.0,
        222.0,
        224.0,
        226.0,
        228.0,
        230.0,
        232.0,
        234.0,
        236.0,
        238.0,
        240.0
    ]
}