{
    "bs_analytical": [
        58.130458506669015,
        49.674826593092135,
        41.79753686959762,
        34.464920344839186,
        27.64359349599468,
        21.301066289775235,
        15.406124459364321,
        9.929055224924625,
        4.841764891858475,
        0.11782235390256801
    ],
    "bs_fd": [],
    "bs_mc": [
        73.08187826641904,
        60.08371483492793,
        51.02145019100937,
        38.90447174042958,
        31.101337475242392,
        21.38924123469404,
        15.231694588778858,
        10.40217710540997,
        7.132862931375775,
        3.7735020772920933
    ],
    "heston_fd": [],
    "heston_fourier": [
        100.95107436770508,
        101.0241114023024,
        82.88576042616361,
        67.3253960397741,
        54.46238148280409,
        44.07436694793341,
        35.920587666789785,
        29.747429561678615,
        25.29653878476158,
        22.31330252514941
    ],
    "heston_mc": [
        72.51874562171808,
        53.423061821186444,
        48.0111891317718,
        43.22532901810283,
        35.65661272497844,
        33.02353496904203,
        25.54366582034233,
        24.186674583469323,
        16.73521228954688,
        16.670842456493457
    ],
    "strikes": [
        160.60860723547256,
        172.0806506094349,
        183.55269398339723,
        195.02473735735956,
        206.49678073132188,
        217.9688241052842,
        229.44086747924655,
        240.9129108532089,
        252.38495422717122,
        263.8569976011335
    ]
}