{
    "bs_analytical": [
        210.2551917116189,
        199.49141457820414,
        187.82353058949997,
        175.6009729597439,
        163.19067241222268,
        150.87582941984363,
        138.85339681566927,
        127.25193436526818,
        116.1499764285393,
        105.59071118506772,
        95.59283516116778,
        86.15833957668795,
        77.27802422760979,
        68.93537931975607,
        61.10930913105766,
        53.77603682618869,
        46.910430325071005,
        40.48691822614603,
        34.48011493590464,
        28.86523925694901,
        23.618386237240443,
        18.716694898842817,
        14.138442332216258,
        9.863086033679124,
        5.8712702243597334,
        2.14480748905666,
        0.0,
        0.0,
        0.0,
        0.0
    ],
    "bs_fd": [],
    "bs_mc": [
        210.3977444060789,
        200.50508042756954,
        190.71538422824872,
        180.85123937246473,
        170.99939701300363,
        161.21795606780108,
        151.40134864910203,
        141.52024475755516,
        131.72126482206647,
        121.7747580024968,
        111.97736216000754,
        102.14113996293926,
        92.20962445964497,
        82.51181390972596,
        72.90124512660388,
        63.411539057138924,
        54.1765334467007,
        45.571229655648864,
        37.59349731180203,
        30.408168536310324,
        24.063606723121293,
        18.738964828921265,
        14.279088145510174,
        10.726934120447448,
        7.8600325150237085,
        5.728458865312675,
        4.066430003018702,
        2.8725689812442647,
        2.0128328991531506,
        1.3812330814264235
    ],
    "heston_fd": [],
    "heston_fourier": [
        210.3806139859414,
        200.5412279718828,
        190.70184195782417,
        180.86245594376558,
        171.023069929707,
        161.18368391564837,
        151.34429790158975,
        141.50491188753116,
        131.66552587347257,
        121.82613985941396,
        111.98675384535535,
        102.38749233929845,
        98.50872223522099,
        95.37546881603285,
        93.39056883936767,
        92.88674838969172,
        78.46857665481441,
        63.42902822894577,
        50.928946457182604,
        40.88089616573866,
        33.21959643180924,
        27.871459930153094,
        24.261833704023246,
        22.102519765988873,
        21.227630382615516,
        21.427012004583652,
        22.47119333145735,
        24.12944355235961,
        26.18373573134754,
        28.438391716074737
    ],
    "heston_mc": [
        194.2803152976153,
        184.47693757509214,
        174.61661936026945,
        164.85248122450065,
        154.89543898853532,
        145.18087931474315,
        135.3601301845903,
        125.50486675376649,
        115.77158308384303,
        106.04784966381894,
        96.44126791782635,
        86.95773450444828,
        77.86855437672011,
        69.07076387074572,
        60.69636381898555,
        52.86050411588409,
        45.55097421700998,
        38.83127962534162,
        32.64609417334604,
        27.274407607951172,
        22.554599698255895,
        18.500751247893394,
        14.966737703364934,
        12.097490708707793,
        9.521101573315562,
        7.5688208177461345,
        5.929683458663342,
        4.628788852636837,
        3.5248915867950625,
        2.71799813884863
    ],
    "strikes": [
        10.0,
        20.0,
        30.0,
        40.0,
        50.0,
        60.0,
        70.0,
        80.0,
        90.0,
        100.0,
        110.0,
        120.0,
        130.0,
        140.0,
        150.0,
        160.0,
        170.0,
        180.0,
        190.0,
        200.0,
        210.0,
        220.0,
        230.0,
        240.0,
        250.0,
        260.0,
        270.0,
        280.0,
        290.0,
        300.0
    ]
}