{
    "bs_analytical": [
        78.6203121565301,
        78.01193182676181,
        77.41023801073274,
        76.81512983355634,
        76.22650852472009,
        75.64427735504908,
        75.06834157639466,
        74.49860836388935,
        73.93498676062151,
        73.37738762459286,
        72.82572357783181,
        72.27990895754407,
        71.73985976919008,
        71.20549364138606,
        70.67672978253262,
        70.15348893908092,
        69.63569335535217,
        69.12326673483194,
        68.61613420286571,
        68.11422227068596,
        67.61745880070693,
        67.12577297302548,
        66.63909525307123,
        66.15735736035248,
        65.68049223824703,
        65.20843402479065,
        64.74111802441845,
        64.27848068061667,
        63.82045954944523,
        63.36699327389385,
        62.91802155903553,
        62.4734851479443,
        62.03332579834556,
        61.59748625996869,
        61.165910252573795,
        60.73854244462529,
        60.31532843258727,
        59.89621472081574,
        59.48114870202548,
        59.07007863830885,
        58.66295364268642
    ],
    "bs_fd": [],
    "bs_mc": [
        80.92380094883457,
        79.97711361407916,
        79.91708767132987,
        79.2563754656403,
        78.92285233577365,
        77.83426443412368,
        78.07863139409037,
        77.33527725133172,
        76.80148506373708,
        76.55531181747192,
        76.18075987586327,
        75.58846163854216,
        74.75329895434258,
        75.01848549641443,
        73.46245892174477,
        73.61652879104723,
        72.53516427107787,
        72.5111456651703,
        71.55074100772251,
        71.54890980828552,
        71.1569641249842,
        70.66257892719246,
        70.55919281543152,
        69.5919600044784,
        69.50090876205289,
        68.46407995005335,
        69.33314863785205,
        67.96702739796255,
        68.04815875485949,
        66.78970490254115,
        66.51428835860462,
        66.83747744490941,
        66.04129275053819,
        65.59392891607882,
        65.52302223474516,
        65.365548227521,
        64.54189754532871,
        63.096772357076865,
        63.330913990117715,
        63.58443863470606,
        63.372193357249714
    ],
    "heston_fd": [],
    "heston_fourier": [
        36.38321228717969,
        35.620548749994455,
        34.956298593638984,
        34.38884617807378,
        33.85529202137986,
        33.257117830564056,
        32.69421054543146,
        32.16558680299503,
        31.670220672789107,
        31.207049378722544,
        30.774978703690543,
        30.37288808313798,
        29.999635394664438,
        29.654061451519553,
        29.334994208461048,
        29.04125268894915,
        28.771650643050926,
        28.524999945726393,
        28.300113745381594,
        28.095809372715323,
        27.910911019948806,
        27.744252200546505,
        27.594677999482983,
        27.461047124031502,
        27.342233764910873,
        27.237129277474814,
        27.144643692424324,
        27.063707065315512,
        26.993270673889697,
        26.932308072001952,
        26.87981600865625,
        26.83481522037117,
        26.796351104819223,
        26.763494283385192,
        26.735341059996095,
        26.711013783278865,
        26.689661118799208,
        26.6704582378471,
        26.65260692893413,
        26.635335637888033,
        26.617899442135137
    ],
    "heston_mc": [
        27.867466548471768,
        26.894671726418675,
        26.153890155214338,
        25.408534437025846,
        24.570025831083814,
        23.851521059736054,
        23.13593111478247,
        22.47825868770137,
        21.826640311598645,
        21.14154186985538,
        20.7028138422406,
        19.963382784865,
        19.387768717306027,
        18.835998081038074,
        18.290997641835016,
        17.766534853728945,
        17.17705591846151,
        16.568836260442637,
        16.122442983269984,
        15.683940610787877,
        15.303933077885043,
        14.722589785836526,
        14.237545348359514,
        13.776076161568168,
        13.37641917435724,
        13.00764066692239,
        12.557795914198108,
        12.163338346601611,
        11.75348969105371,
        11.470093543079832,
        11.174900360870316,
        10.790513766338607,
        10.46348195095867,
        10.105695955254696,
        9.78859047541309,
        9.511848867481834,
        9.234075237836635,
        8.986795859526907,
        8.603209285316812,
        8.430558021683163,
        8.062186586139731
    ],
    "strikes": [
        160.0,
        162.0,
        164.0,
        166.0,
        168.0,
        170.0,
        172.0,
        174.0,
        176.0,
        178.0,
        180.0,
        182.0,
        184.0,
        186.0,
        188.0,
        190.0,
        192.0,
        194.0,
        196.0,
        198.0,
        200.0,
        202.0,
        204.0,
        206.0,
        208.0,
        210.0,
        212.0,
        214.0,
        216.0,
        218.0,
        220.0,
        222.0,
        224.0,
        226.0,
        228.0,
        230.0,
        232.0,
        234.0,
        236.0,
        238.0,
        240.0
    ]
}