{
    "bs_analytical": [
        157.44511572436804,
        147.50721657101815,
        137.79390353634713,
        128.54538865432556,
        119.87977544521694,
        111.83514957305562,
        104.40539719244262,
        97.5618575957115,
        91.26553547911928,
        85.47382111094029,
        80.14410694889004,
        75.23565837943143,
        70.71050292998493,
        66.53377043119596,
        62.67373079653309,
        59.101671001019206,
        55.79169268378778,
        52.72047697336145,
        49.867042796259035,
        47.21251299028231,
        44.73989553211046,
        42.43388309578316,
        40.28067180607849,
        38.26779873949821,
        36.38399703657877,
        34.619067169598715,
        32.96376280599675,
        31.409689726689543,
        29.949216343437016,
        28.57539447640486,
        27.281889181933593
    ],
    "bs_fd": [],
    "bs_mc": [
        157.30150940629505,
        147.64126679204625,
        138.12078949564886,
        129.3723784771878,
        121.17160486954658,
        113.02560035385676,
        105.7308337287895,
        98.69034036702108,
        92.88467274315832,
        86.8067702939819,
        81.54184641199232,
        76.44728328144221,
        72.05249409577631,
        67.66824838001513,
        64.02311505596829,
        60.04174667534437,
        57.03848244136201,
        53.735961488696844,
        50.91837478573457,
        48.15765232629186,
        45.626613840468046,
        43.13709547886789,
        41.098211527188624,
        39.01819677654312,
        36.90819162219038,
        34.99174473991898,
        33.86831182226668,
        31.852214029133304,
        30.286040456038563,
        29.127956534299656,
        27.86729725711268
    ],
    "heston_fd": [],
    "heston_fourier": [
        157.48357347302192,
        147.6441874589633,
        137.80480144490468,
        127.9654154308461,
        118.12602941678749,
        108.28664340272888,
        98.44725738867028,
        88.60787137461168,
        78.76848536055307,
        68.92909934649447,
        60.990906259580214,
        52.98745077050509,
        44.59861324571176,
        37.42786361848664,
        29.013287443588723,
        14.889986695548643,
        5.050983865979987,
        4.31872691010836,
        9.257409149810403,
        10.680126842762647,
        12.137351534234652,
        15.233915752660604,
        18.486163932447162,
        21.371558690457032,
        24.59591847498884,
        27.635519896165214,
        30.37765005552223,
        32.22574601494054,
        31.995036348166963,
        31.54465995131324,
        30.601524994168262
    ],
    "heston_mc": [
        150.94290278863394,
        141.139897422035,
        131.29893623437542,
        121.47603986180485,
        111.635811280863,
        101.77319939286505,
        91.95769823960231,
        82.12406693294592,
        72.30554579681599,
        62.435851916471435,
        52.60985811011674,
        42.801344846073185,
        33.060874759611636,
        23.512460455999413,
        14.51471506004309,
        6.88395150069011,
        2.091926712026001,
        0.4401671762264691,
        0.0900020702862974,
        0.019889030537375882,
        0.0045190206063460475,
        0.0009846672067540317,
        0.0002975987404500722,
        0.00010431675428957962,
        8.600024355675644e-06,
        5.033620296174977e-06,
        0.0,
        0.0,
        0.0,
        0.0,
        0.0
    ],
    "strikes": [
        10.0,
        20.0,
        30.0,
        40.0,
        50.0,
        60.0,
        70.0,
        80.0,
        90.0,
        100.0,
        110.0,
        120.0,
        130.0,
        140.0,
        150.0,
        160.0,
        170.0,
        180.0,
        190.0,
        200.0,
        210.0,
        220.0,
        230.0,
        240.0,
        250.0,
        260.0,
        270.0,
        280.0,
        290.0,
        300.0,
        310.0
    ]
}