{
    "bs_analytical": [
        59.68678846982324,
        59.0068520470735,
        58.337089156222014,
        57.67731214169443,
        57.02733726563263,
        56.38698463007541,
        55.756078099539224,
        55.134445224136556,
        54.52191716335173,
        53.918328610578754,
        53.32351771851118,
        52.73732602546181,
        52.15959838267854,
        51.5901828827128,
        51.02893078888735,
        50.4756964659026,
        49.93033731161318,
        49.39271368999996,
        48.86268886535663,
        48.34012893770541,
        47.82490277945106,
        47.316881973278946,
        46.8159407512988,
        46.321955935432776,
        45.8348068790436,
        45.35437540979594,
        44.88054577374228,
        44.41320458062183,
        43.95224075036058,
        43.49754546075792,
        43.04901209634492,
        42.60653619839743,
        42.17001541608733,
        41.73934945875346,
        41.31444004927359,
        40.895190878518434,
        40.481507560868074,
        40.07329759077084,
        39.67047030032445,
        39.272936817859275,
        38.880610027503415
    ],
    "bs_fd": [],
    "bs_mc": [
        61.017592493351856,
        60.14159624501807,
        59.42418963663822,
        58.84695430688626,
        58.15055697531851,
        57.5613952264193,
        56.85097064826023,
        56.05701907856204,
        55.648251790739984,
        55.10201777838711,
        54.210050953730196,
        53.757665137200085,
        53.024409402020176,
        52.46471423683372,
        52.026154714493515,
        51.44084419372659,
        50.82891292699239,
        50.079530708869875,
        49.667658416779226,
        48.83961645124924,
        48.64366021513762,
        48.16380245914238,
        47.63536500903224,
        47.12952046899052,
        46.8878769073649,
        46.08188019154161,
        45.30269546806042,
        45.36463867572295,
        44.806367364827004,
        44.120052377745914,
        43.79887732583374,
        43.32999338438943,
        42.695424760482254,
        42.52554573473054,
        42.218063132919916,
        41.53088933035547,
        40.931200823715045,
        40.75851578989807,
        40.246089355745376,
        39.992669856873334,
        39.35784089783896
    ],
    "heston_fd": [],
    "heston_fourier": [
        36.63983454096451,
        35.88385266130172,
        35.22616343231911,
        34.665165700794255,
        34.13602928133967,
        33.53804412839069,
        32.97474600184715,
        32.44517242291722,
        31.948319137732533,
        31.48314569384798,
        31.048580708348105,
        30.643526833697024,
        30.26686542831704,
        29.917460939591408,
        29.594165007567952,
        29.29582029811479,
        29.02126407464489,
        28.76933151780564,
        28.538858802726843,
        28.328685943541764,
        28.137659414958414,
        27.964634560660095,
        27.808477798266686,
        27.66806863050273,
        27.542301472081377,
        27.430087301665495,
        27.330355148068733,
        27.242053419655143,
        27.16415108566224,
        27.095638717928374,
        27.035529401243416,
        26.982859520275937,
        26.93668943075241,
        26.896104022280376,
        26.860213179928138,
        26.828152151383314,
        26.79908182622787,
        26.772188933583962,
        26.746686164107032,
        26.721812222015348,
        26.696831812585604
    ],
    "heston_mc": [
        27.564003002208743,
        26.882088905446764,
        26.105898035393736,
        25.381573133748947,
        24.600844581291803,
        23.85775800022204,
        23.12865333361894,
        22.484823586950757,
        21.876157038934853,
        21.19912603553175,
        20.553479152408112,
        19.972780039205837,
        19.418566956385625,
        18.77884937415055,
        18.28654954195938,
        17.680291813944475,
        17.1319717460136,
        16.635998197616185,
        16.170527768275818,
        15.740857845306756,
        15.196607383457925,
        14.676171014992589,
        14.31090440846673,
        13.884900268618642,
        13.428005810134172,
        12.955557426766523,
        12.605366319795293,
        12.25059515981134,
        11.813544454666362,
        11.475628219544847,
        11.168314219150664,
        10.84046160445417,
        10.422515528441428,
        10.132917870412292,
        9.814669778852526,
        9.478434812050548,
        9.212988496997962,
        8.8997838615218,
        8.689516666083446,
        8.363269500185273,
        8.1057117667391
    ],
    "strikes": [
        160.0,
        162.0,
        164.0,
        166.0,
        168.0,
        170.0,
        172.0,
        174.0,
        176.0,
        178.0,
        180.0,
        182.0,
        184.0,
        186.0,
        188.0,
        190.0,
        192.0,
        194.0,
        196.0,
        198.0,
        200.0,
        202.0,
        204.0,
        206.0,
        208.0,
        210.0,
        212.0,
        214.0,
        216.0,
        218.0,
        220.0,
        222.0,
        224.0,
        226.0,
        228.0,
        230.0,
        232.0,
        234.0,
        236.0,
        238.0,
        240.0
    ]
}