{
    "bs_analytical": [
        210.2551917116189,
        199.49141457820414,
        187.82353058949997,
        175.6009729597439,
        163.19067241222268,
        150.87582941984363,
        138.85339681566927,
        127.25193436526818,
        116.1499764285393,
        105.59071118506772,
        95.59283516116778,
        86.15833957668795,
        77.27802422760979,
        68.93537931975607,
        61.10930913105766,
        53.77603682618869,
        46.910430325071005,
        40.48691822614603,
        34.48011493590464,
        28.86523925694901,
        23.618386237240443,
        18.716694898842817,
        14.138442332216258,
        9.863086033679124,
        5.8712702243597334,
        2.14480748905666,
        0.0,
        0.0,
        0.0,
        0.0,
        0.0
    ],
    "bs_fd": [],
    "bs_mc": [
        210.3962061134302,
        200.44993523377576,
        190.7856235107983,
        180.8357090933152,
        170.97078477097315,
        161.27102999614144,
        151.40376597578393,
        141.4817362262383,
        131.61997133279309,
        121.84768606507046,
        111.9454961940268,
        102.16205459891007,
        92.36229446635507,
        82.52790684605775,
        72.87094852543869,
        63.47195064104217,
        54.23984306832949,
        45.52734817550488,
        37.57646339682892,
        30.356109960620508,
        24.042497399252063,
        18.71574981416888,
        14.260455394838983,
        10.724223511852943,
        7.872831481592042,
        5.701742523424146,
        4.070526125015447,
        2.885069023824862,
        2.0168102269435426,
        1.380949572340528,
        0.9333944176061962
    ],
    "heston_fd": [],
    "heston_fourier": [
        210.3806139859414,
        200.5412279718828,
        190.70184195782417,
        180.86245594376558,
        171.023069929707,
        161.18368391564837,
        151.34429790158975,
        141.50491188753116,
        131.66552587347257,
        121.82613985941396,
        111.98675384535535,
        102.14736783129675,
        92.30798181723814,
        84.13252484992182,
        75.84164724372016,
        67.56265133185991,
        58.29186461413204,
        49.720752571301574,
        40.55697043832538,
        34.41984224416666,
        19.984275228708583,
        7.666342887128934,
        2.9705766460193246,
        7.355991060943362,
        7.396410043939226,
        11.775029980841682,
        13.723924183453974,
        16.075630531789795,
        20.37932820228756,
        23.704763656530627,
        26.094453299953898
    ],
    "heston_mc": [
        203.98834158244588,
        194.1446804758439,
        184.31345577183032,
        174.46727367353168,
        164.63700458489797,
        154.79570001337123,
        144.96689201008576,
        135.1078115543378,
        125.27784712619525,
        115.42838503646203,
        105.60394235533056,
        95.74277937848491,
        85.92454250120178,
        76.07122198754149,
        66.26173499139121,
        56.42060031373179,
        46.566402427903085,
        36.77959852199086,
        27.094276205376225,
        17.745823621539788,
        9.352561058272315,
        3.1769638617763163,
        0.5333309184437952,
        0.05555420429984919,
        0.005604279956282249,
        0.00048605910393448087,
        5.477923379625688e-05,
        1.1359086155895117e-06,
        0.0,
        0.0,
        0.0
    ],
    "strikes": [
        10.0,
        20.0,
        30.0,
        40.0,
        50.0,
        60.0,
        70.0,
        80.0,
        90.0,
        100.0,
        110.0,
        120.0,
        130.0,
        140.0,
        150.0,
        160.0,
        170.0,
        180.0,
        190.0,
        200.0,
        210.0,
        220.0,
        230.0,
        240.0,
        250.0,
        260.0,
        270.0,
        280.0,
        290.0,
        300.0,
        310.0
    ]
}