{
    "bs_analytical": [
        210.2551917116189,
        199.49141457820414,
        187.82353058949997,
        175.6009729597439,
        163.19067241222268,
        150.87582941984363,
        138.85339681566927,
        127.25193436526818,
        116.1499764285393,
        105.59071118506772,
        95.59283516116778,
        86.15833957668795,
        77.27802422760979,
        68.93537931975607,
        61.10930913105766,
        53.77603682618869,
        46.910430325071005,
        40.48691822614603,
        34.48011493590464,
        28.86523925694901,
        23.618386237240443,
        18.716694898842817,
        14.138442332216258,
        9.863086033679124,
        5.8712702243597334,
        2.14480748905666,
        0.0,
        0.0,
        0.0,
        0.0,
        0.0
    ],
    "bs_fd": [],
    "bs_mc": [
        210.3454490872491,
        200.49294531958552,
        190.72085216514165,
        180.88829961448232,
        171.03766214756504,
        161.21763588905236,
        151.30765296026044,
        141.56108550218113,
        131.62589583223877,
        121.78288489785233,
        111.99858525862923,
        102.13307203592908,
        92.33257249185584,
        82.58035727645334,
        72.79955059556414,
        63.48822873049281,
        54.22870533014969,
        45.59002658605841,
        37.574602264122056,
        30.341500961363742,
        24.106888271860555,
        18.69033693842695,
        14.258114571256275,
        10.697439052721128,
        7.919201410800575,
        5.739670326210739,
        4.097457940697034,
        2.9001354148298004,
        1.9983447200870006,
        1.3777198213076145,
        0.9441230945549839
    ],
    "heston_fd": [],
    "heston_fourier": [
        210.3806139859414,
        200.5412279718828,
        190.70184195782417,
        180.86245594376558,
        171.023069929707,
        161.18368391564837,
        151.34429790158975,
        141.50491188753116,
        131.66552587347257,
        121.82613985941396,
        111.98675384535535,
        102.14736783129675,
        92.30798181723814,
        85.65403429556363,
        79.38417379410919,
        73.96800257263985,
        70.20459759718952,
        63.76228200740704,
        48.31235370663208,
        34.955869912169135,
        24.182007471140963,
        16.50574022047104,
        12.085023518021956,
        10.750440375513861,
        12.04679736980156,
        15.184450872224506,
        19.28636298314431,
        23.619005229339727,
        27.53737749890292,
        27.364768032338183,
        28.63684067437579
    ],
    "heston_mc": [
        194.68162676701485,
        184.79951772162008,
        174.98806816099244,
        165.1161772757414,
        155.27710048787284,
        145.46030462328548,
        135.59637915202154,
        125.74996683513037,
        115.94596317086574,
        106.0320630278743,
        96.30393065119176,
        86.46295871129355,
        76.67419921209677,
        66.99398581283734,
        57.54658662042597,
        48.31051626525405,
        39.5257649957802,
        31.273260291272603,
        23.933338284653793,
        17.441789066007594,
        12.12049158619539,
        7.982283463263847,
        4.982794700403613,
        2.9331447651393407,
        1.6439339215000048,
        0.8736611175837556,
        0.45205471921500834,
        0.2244919702204016,
        0.1128498949919899,
        0.052599269067060035,
        0.024985878419918534
    ],
    "strikes": [
        10.0,
        20.0,
        30.0,
        40.0,
        50.0,
        60.0,
        70.0,
        80.0,
        90.0,
        100.0,
        110.0,
        120.0,
        130.0,
        140.0,
        150.0,
        160.0,
        170.0,
        180.0,
        190.0,
        200.0,
        210.0,
        220.0,
        230.0,
        240.0,
        250.0,
        260.0,
        270.0,
        280.0,
        290.0,
        300.0,
        310.0
    ]
}