{
    "bs_analytical": [
        210.2551917116189,
        199.49141457820414,
        187.82353058949997,
        175.6009729597439,
        163.19067241222268,
        150.87582941984363,
        138.85339681566927,
        127.25193436526818,
        116.1499764285393,
        105.59071118506772,
        95.59283516116778,
        86.15833957668795,
        77.27802422760979,
        68.93537931975607,
        61.10930913105766,
        53.77603682618869,
        46.910430325071005,
        40.48691822614603,
        34.48011493590464,
        28.86523925694901,
        23.618386237240443,
        18.716694898842817,
        14.138442332216258,
        9.863086033679124,
        5.8712702243597334,
        2.14480748905666,
        0.0,
        0.0,
        0.0,
        0.0,
        0.0
    ],
    "bs_fd": [],
    "bs_mc": [
        210.3969102053453,
        200.50240065337124,
        190.82078672908787,
        180.8848017923017,
        171.01983227019122,
        161.15321583772834,
        151.35593962673772,
        141.5933000770564,
        131.75094224030718,
        121.89580959681443,
        111.9923170125834,
        102.10619231417,
        92.39724318235933,
        82.48691866818156,
        72.8229524408168,
        63.37310025199971,
        54.17960617371386,
        45.50707920421869,
        37.594389609511715,
        30.3983052568766,
        24.10266422728164,
        18.685514022190805,
        14.285245915038123,
        10.687192884110928,
        7.876912520999528,
        5.717750342164815,
        4.088353257330594,
        2.8971924599626586,
        2.0072378472303956,
        1.395951416940438,
        0.9355776460022611
    ],
    "heston_fd": [],
    "heston_fourier": [
        210.3806139859414,
        200.5412279718828,
        190.70184195782417,
        180.86245594376558,
        171.023069929707,
        161.18368391564837,
        151.34429790158975,
        141.50491188753116,
        131.66552587347257,
        121.82613985941396,
        111.98675384535535,
        102.14736783129675,
        92.30798181723814,
        84.13252484992182,
        75.84164724372016,
        67.56265133185991,
        58.29186461413204,
        49.720752571301574,
        40.55697043832538,
        34.41984224416666,
        19.984275228708583,
        7.666342887128934,
        2.9705766460193246,
        7.355991060943362,
        7.396410043939226,
        11.775029980841682,
        13.723924183453974,
        16.075630531789795,
        20.37932820228756,
        23.704763656530627,
        26.094453299953898
    ],
    "heston_mc": [
        203.99567473492846,
        194.1610932996857,
        184.31914042918,
        174.46091088951306,
        164.61796838297732,
        154.79182421977,
        144.9690461863101,
        135.1111190618125,
        125.27416971795604,
        115.4274553241761,
        105.59386379373547,
        95.73538511549263,
        85.92641641128444,
        76.0659188657409,
        66.23620207465986,
        56.40836416486026,
        46.558741794165115,
        36.75911630946963,
        27.079027191008034,
        17.759638370571775,
        9.330964925821133,
        3.186714577084371,
        0.5372034517523522,
        0.05552228850724149,
        0.004885675506661015,
        0.0007115078164103146,
        4.562628770251084e-05,
        9.036674846066339e-06,
        0.0,
        0.0,
        0.0
    ],
    "strikes": [
        10.0,
        20.0,
        30.0,
        40.0,
        50.0,
        60.0,
        70.0,
        80.0,
        90.0,
        100.0,
        110.0,
        120.0,
        130.0,
        140.0,
        150.0,
        160.0,
        170.0,
        180.0,
        190.0,
        200.0,
        210.0,
        220.0,
        230.0,
        240.0,
        250.0,
        260.0,
        270.0,
        280.0,
        290.0,
        300.0,
        310.0
    ]
}