{
    "bs_analytical": [
        58.130458506669015,
        49.674826593092135,
        41.79753686959762,
        34.464920344839186,
        27.64359349599468,
        21.301066289775235,
        15.406124459364321,
        9.929055224924625,
        4.841764891858475,
        0.11782235390256801
    ],
    "bs_fd": [
        71.51543103982941,
        60.398340825342984,
        49.563440158454576,
        39.33328622878599,
        30.001302593180366,
        21.98427101752923,
        15.382306393878126,
        10.346429408569238,
        6.635175055247146,
        4.115861043811308
    ],
    "bs_mc": [
        71.10554048352093,
        59.752216974293155,
        50.1468871407896,
        39.17986608521399,
        29.233764484015627,
        21.71320296649109,
        15.471992712161034,
        10.668972569024179,
        7.41122442450933,
        4.221041944740487
    ],
    "heston_fd": [],
    "heston_fourier": [
        100.95107436770508,
        101.0241114023024,
        82.88576042616361,
        67.3253960397741,
        54.46238148280409,
        44.07436694793341,
        35.920587666789785,
        29.747429561678615,
        25.29653878476158,
        22.31330252514941
    ],
    "heston_mc": [
        64.09662190531223,
        54.03645976708981,
        54.539304660973016,
        39.29153885430366,
        40.33741059672083,
        29.74344525662326,
        23.015295260121782,
        23.545803844221588,
        20.49316904394654,
        17.645649666297864
    ],
    "strikes": [
        160.60860723547256,
        172.0806506094349,
        183.55269398339723,
        195.02473735735956,
        206.49678073132188,
        217.9688241052842,
        229.44086747924655,
        240.9129108532089,
        252.38495422717122,
        263.8569976011335
    ]
}