{
    "bs_analytical": [
        55.79428683731146,
        47.678473466895554,
        40.117759623861986,
        33.079829420654605,
        26.532640965710215,
        20.445009949060633,
        14.7869765561625,
        9.530022117052368,
        4.6471819785179065,
        0.11308725887191429
    ],
    "bs_fd": [
        68.64133838332965,
        57.97102653363835,
        47.571563478123345,
        37.7525433404278,
        28.795597442006763,
        21.10075774593844,
        14.764115687544045,
        9.93062271421636,
        6.368517823451121,
        3.950451012179078
    ],
    "bs_mc": [
        68.78368039289876,
        58.052763759118086,
        47.40139627077747,
        37.27756881713958,
        28.838808053796303,
        21.34296970405947,
        14.972371235200876,
        10.100813884518736,
        6.435276870900191,
        4.216146406557875
    ],
    "heston_fd": [
        0.0,
        0.0,
        0.0,
        0.0,
        0.0,
        0.0,
        0.0,
        0.0,
        0.0,
        0.0
    ],
    "heston_fourier": [
        103.95392101908736,
        99.51428706977737,
        82.72967527142292,
        68.58895596597205,
        56.83546526849722,
        47.222334765232716,
        39.51034156929272,
        33.46880494020826,
        28.87777004978895,
        25.53043046160535
    ],
    "heston_mc": [
        70.93765677466297,
        63.911975994623695,
        56.07990404453748,
        49.102456607121276,
        44.653138994950595,
        39.42714810918695,
        32.86276431941464,
        30.357598512186787,
        27.91529843647469,
        22.148311517174296
    ],
    "strikes": [
        154.154,
        165.165,
        176.176,
        187.18699999999998,
        198.19799999999998,
        209.209,
        220.22,
        231.231,
        242.24200000000002,
        253.253
    ]
}