{
    "bs_analytical": [
        94.40003456918515,
        73.8160232849529,
        55.79428683731146,
        40.11775962386196,
        26.5326409657102,
        14.7869765561625,
        4.6471819785179065,
        0.0,
        0.0,
        0.0
    ],
    "bs_fd": [
        111.9119115457733,
        90.25163314253092,
        68.64133838332965,
        47.57156347743236,
        28.795597442499254,
        14.764115687544045,
        6.368517823451121,
        2.3400069841773674,
        0.7482901406664353,
        0.2131163479249132
    ],
    "bs_mc": [
        111.76412561051704,
        90.43204129993991,
        68.88637062375115,
        47.34517573120605,
        28.69620721640859,
        14.838690760209836,
        6.460457944856003,
        2.2608828731633177,
        0.7563642152968156,
        0.19090199573466038
    ],
    "heston_fourier": [
        117.57449777387984,
        107.8078594970877,
        103.95392101908736,
        82.7296752714229,
        56.8354652684972,
        39.51034156929272,
        28.87777004978895,
        23.23521499434436,
        21.11928205264843,
        21.341992839625142
    ],
    "heston_mc": [
        105.8792862454834,
        88.02537971092028,
        69.91227732952471,
        57.457607126982836,
        44.86198759200068,
        35.56226749147397,
        28.013176190119008,
        20.883504791611035,
        16.722569930926515,
        11.188551571788363
    ],
    "strikes": [
        110.11,
        132.132,
        154.154,
        176.17600000000002,
        198.198,
        220.22,
        242.24200000000002,
        264.264,
        286.286,
        308.308
    ]
}