{
    "bs_analytical": [
        0.0,
        0.0,
        0.06245431821903358,
        0.7043643736256282,
        1.9306158442710775,
        3.7756100363104146,
        6.231351114949863,
        9.268360864680762,
        12.847432966448501,
        16.926080820062545,
        21.461994308671123,
        26.414817372318474,
        31.74698349260047,
        37.42402551740194,
        43.41459700919762,
        49.69034105162903,
        56.22568454987615,
        62.99760257682918,
        69.9853777851845,
        77.17036845550611,
        84.53579203766299,
        92.06652713392869,
        99.74893463286493,
        107.57069746169859,
        115.5206777787219,
        123.58879013351131,
        131.7658890343376,
        140.0436693897305,
        148.41457838072472,
        156.87173743938303,
        165.40887313858946
    ],
    "bs_fd": [],
    "bs_mc": [
        0.006446393887208596,
        0.1224266516426391,
        0.5531222678921992,
        1.4482429788242241,
        2.872788539530081,
        4.891899750690515,
        7.450774847624978,
        10.551328123334118,
        14.150035405266488,
        18.24192417367834,
        22.76248105659927,
        27.742403892339954,
        32.97571964987276,
        38.59579438150507,
        44.51359731126195,
        50.787144520321924,
        57.28822327556581,
        64.06864279686846,
        71.00520037447606,
        78.09229993153403,
        85.39534566640354,
        92.90085230807016,
        100.52942799519357,
        108.30624360346305,
        116.14374268148381,
        124.28803411879481,
        132.3490159995506,
        140.49613580900328,
        148.89217607945045,
        157.39340613053142,
        165.95536262823654
    ],
    "heston_fd": [],
    "heston_fourier": [
        0.0,
        0.0,
        0.0,
        0.0,
        0.0,
        0.0,
        0.0,
        0.0,
        0.0,
        2.4267809365230333,
        8.001311233525874,
        15.398106434805703,
        18.858828347157257,
        13.254110328867977,
        10.959709047742983,
        12.071631781630373,
        16.54613719391112,
        23.695100683569876,
        33.01464637075232,
        43.98202273760326,
        56.02693649151125,
        68.62354261677277,
        81.34311577747229,
        93.87137036594035,
        106.00131176113067,
        117.61338804329435,
        128.65213019626762,
        139.10485915327496,
        148.98490993834807,
        158.3197431679447,
        167.14324200841065
    ],
    "heston_mc": [
        0.0,
        0.0,
        0.0,
        1.6812676073149047e-05,
        0.00023834394074341084,
        0.002190402777866765,
        0.011296067459544458,
        0.04561382731294027,
        0.15273962338647012,
        0.410715046950485,
        0.9446514297384289,
        1.9224551640655339,
        3.524671022770795,
        5.917302004659225,
        9.269303756770562,
        13.530191458607188,
        18.838325214249615,
        25.09288589102577,
        32.12259184809294,
        39.89413980475593,
        48.220794824496906,
        56.969864696015854,
        66.1000619413832,
        75.33620559435732,
        84.88416077933103,
        94.47207956664583,
        104.09422942681381,
        113.8559887994421,
        123.65589460344982,
        133.4626322989163,
        143.18217215285415
    ],
    "strikes": [
        10.0,
        20.0,
        30.0,
        40.0,
        50.0,
        60.0,
        70.0,
        80.0,
        90.0,
        100.0,
        110.0,
        120.0,
        130.0,
        140.0,
        150.0,
        160.0,
        170.0,
        180.0,
        190.0,
        200.0,
        210.0,
        220.0,
        230.0,
        240.0,
        250.0,
        260.0,
        270.0,
        280.0,
        290.0,
        300.0,
        310.0
    ]
}