{
    "bs_analytical": [
        0.0,
        0.0,
        0.0,
        0.0,
        1.3202652743543979,
        6.262045804668645,
        11.651411710791393,
        17.458650212885445,
        23.65566761635297,
        30.216032814930713
    ],
    "bs_fd": [],
    "bs_mc": [
        0.061390845287086396,
        0.1956157994621815,
        0.6306384223762712,
        1.6876173933319198,
        3.5505372070193926,
        6.832937366708108,
        11.60506814877592,
        18.067092067330695,
        25.256578285192703,
        33.87248596225961
    ],
    "heston_fd": [],
    "heston_fourier": [
        29.49051519993006,
        40.847859971061105,
        33.99381673145598,
        29.71776008160017,
        28.139053261163795,
        29.035346462826823,
        32.165874918216886,
        37.27702454963942,
        44.11044150925606,
        52.411512986177556
    ],
    "heston_mc": [
        9.404711108348202,
        12.176444249992066,
        15.198980786955964,
        21.031712617769305,
        27.152363161526143,
        32.320418659725966,
        38.74923930057443,
        46.707179805828794,
        53.49719638327605,
        63.91005389960328
    ],
    "strikes": [
        160.60860723547256,
        172.0806506094349,
        183.55269398339723,
        195.02473735735956,
        206.49678073132188,
        217.9688241052842,
        229.44086747924655,
        240.9129108532089,
        252.38495422717122,
        263.8569976011335
    ]
}