{
    "bs_analytical": [
        0.0,
        0.0,
        0.06245431821903358,
        0.7043643736256282,
        1.9306158442710775,
        3.7756100363104146,
        6.231351114949863,
        9.268360864680762,
        12.847432966448501,
        16.926080820062545,
        21.461994308671123,
        26.414817372318474,
        31.74698349260047,
        37.42402551740194,
        43.41459700919762,
        49.69034105162903,
        56.22568454987615,
        62.99760257682918,
        69.9853777851845,
        77.17036845550611,
        84.53579203766299,
        92.06652713392869,
        99.74893463286493,
        107.57069746169859,
        115.5206777787219,
        123.58879013351131,
        131.7658890343376,
        140.0436693897305,
        148.41457838072472,
        156.87173743938303,
        165.40887313858946
    ],
    "bs_fd": [],
    "bs_mc": [
        0.006349826015042469,
        0.12301400882279842,
        0.5536573868838264,
        1.4375132288595112,
        2.868159731357684,
        4.87182365227611,
        7.44189408021803,
        10.533199742095062,
        14.163264418456649,
        18.231890445051725,
        22.74725936105499,
        27.711502150641756,
        32.9842464900261,
        38.63725354051729,
        44.577405070521785,
        50.74185700309062,
        57.27654120859348,
        64.01349365668723,
        70.88118264141069,
        78.01196731470316,
        85.27560504096078,
        92.77924432966543,
        100.58246915717277,
        108.29681492391846,
        116.17087343546076,
        124.13746008034784,
        132.18507993876779,
        140.62111115320414,
        148.93328402082136,
        157.23307930846968,
        165.70708354740776
    ],
    "heston_fd": [],
    "heston_fourier": [
        0.0,
        0.0,
        0.0,
        0.0,
        0.0,
        0.0,
        0.0,
        0.0,
        0.0,
        0.0,
        2.8675267372680295,
        6.21189577157645,
        11.327010121353766,
        13.798650185683735,
        8.89629024794052,
        7.233162986657369,
        9.922789439192329,
        17.230350915945536,
        28.431804448899925,
        41.96531834696026,
        56.22138284734862,
        68.46723058142197,
        79.03046687489737,
        90.95860427655631,
        103.4394326874266,
        116.08741252620104,
        128.73466549987026,
        140.24931846642136,
        149.95269376486587,
        159.1702125013207,
        167.92497044362523
    ],
    "heston_mc": [
        0.0,
        0.0,
        0.0,
        0.0,
        1.7581316138046425e-06,
        2.9400017940570904e-05,
        0.0004824502510495543,
        0.002809455427251566,
        0.012979677505966946,
        0.04913003704597225,
        0.16354363475274888,
        0.4620215256964206,
        1.135762069985539,
        2.517348343926703,
        4.962758780742995,
        8.920164756677773,
        14.48426435554672,
        21.613963381708135,
        29.92516931889443,
        39.01710956745438,
        48.5690902343908,
        58.25351976548143,
        68.05974714225681,
        77.856265646257,
        87.69985254566036,
        97.5122354088101,
        107.35745030074237,
        117.17181099729869,
        127.0741164876674,
        136.87677442602353,
        146.70359840762617
    ],
    "strikes": [
        10.0,
        20.0,
        30.0,
        40.0,
        50.0,
        60.0,
        70.0,
        80.0,
        90.0,
        100.0,
        110.0,
        120.0,
        130.0,
        140.0,
        150.0,
        160.0,
        170.0,
        180.0,
        190.0,
        200.0,
        210.0,
        220.0,
        230.0,
        240.0,
        250.0,
        260.0,
        270.0,
        280.0,
        290.0,
        300.0,
        310.0
    ]
}