{
    "bs_analytical": [
        0.0,
        0.0,
        0.0,
        0.0,
        0.0,
        0.0,
        0.0,
        0.0,
        0.0,
        0.0,
        0.0,
        0.0,
        0.0,
        0.0,
        0.0,
        0.0,
        0.0,
        0.0,
        1.2084492030181053,
        5.432959538121096,
        10.025492532471148,
        14.963187208132098,
        20.224320655564142,
        25.788350371085613,
        31.63592057582484,
        37.74884385458037,
        44.11006628533637,
        50.703621940405526,
        57.51458097927579,
        64.52899434518312,
        71.73383719703543
    ],
    "bs_fd": [],
    "bs_mc": [
        0.0,
        0.0,
        0.0,
        0.0,
        0.0,
        0.0,
        0.0,
        0.0,
        1.9131893777911874e-05,
        7.323341648412276e-05,
        0.0007930879428800743,
        0.0049081740078350125,
        0.02364543603714198,
        0.08333478260670962,
        0.24333110334655464,
        0.6003003284251431,
        1.2839311107422247,
        2.455911587341204,
        4.32828713817296,
        6.942688747476509,
        10.503709829738357,
        14.993789085937355,
        20.38195444107405,
        26.6861988344174,
        33.663830298186106,
        41.33680377431378,
        49.57097659076495,
        58.12699914755781,
        67.16778534990148,
        76.30240054571631,
        85.71425041966677
    ],
    "heston_fd": [],
    "heston_fourier": [
        0.0,
        0.0,
        0.0,
        0.0,
        0.0,
        0.0,
        0.0,
        0.0,
        0.0,
        0.0,
        0.0,
        0.0,
        0.0,
        1.6639290467422825,
        3.212437454599197,
        4.772827556797581,
        5.341426853128321,
        6.6097008243564375,
        7.28530470543884,
        10.987562525338769,
        6.391381523939295,
        3.9128351964182286,
        9.056454969367223,
        23.281255398349913,
        33.16106039540435,
        47.37906634636539,
        59.16734656303626,
        71.3584389254307,
        85.50152260998709,
        98.66634407828872,
        110.89541973577062
    ],
    "heston_mc": [
        0.0,
        0.0,
        0.0,
        0.0,
        0.0,
        0.0,
        0.0,
        0.0,
        0.0,
        0.0,
        0.0,
        1.1216321435652632e-05,
        2.0790712024734738e-05,
        0.00020009767913920987,
        0.0007043446330227013,
        0.003759955606006419,
        0.015495110722231665,
        0.06219943337300321,
        0.21834638145760157,
        0.7117980005418303,
        2.1538454938686935,
        5.816893117169303,
        12.996714533547374,
        22.371045502436594,
        32.20053603609327,
        42.00951234368641,
        51.81455540723368,
        61.68184391390031,
        71.50984053995957,
        81.3479019088803,
        91.17686206823292
    ],
    "strikes": [
        10.0,
        20.0,
        30.0,
        40.0,
        50.0,
        60.0,
        70.0,
        80.0,
        90.0,
        100.0,
        110.0,
        120.0,
        130.0,
        140.0,
        150.0,
        160.0,
        170.0,
        180.0,
        190.0,
        200.0,
        210.0,
        220.0,
        230.0,
        240.0,
        250.0,
        260.0,
        270.0,
        280.0,
        290.0,
        300.0,
        310.0
    ]
}