{
    "bs_analytical": [
        0.0,
        0.0,
        0.0,
        0.0,
        0.0,
        0.0,
        0.0,
        0.0,
        1.2084492030181053,
        5.432959538121096,
        10.025492532471148,
        14.963187208132098,
        20.224320655564142,
        25.788350371085613,
        31.63592057582484,
        37.74884385458037,
        44.11006628533637,
        50.703621940405526,
        57.51458097927579,
        64.52899434518312
    ],
    "bs_fd": [],
    "bs_mc": [
        0.0008239674111011727,
        0.005562168709057015,
        0.022952990569951905,
        0.08490792578392617,
        0.24073402585724035,
        0.5983914428789554,
        1.27742315132912,
        2.4625094448336435,
        4.329744076849843,
        6.952840397282845,
        10.509774068204889,
        14.996389049330503,
        20.390849818897077,
        26.6249432711226,
        33.66838363942244,
        41.36727480522694,
        49.56189596174916,
        58.16657319011138,
        67.20963270136387,
        76.37820905868607
    ],
    "heston_fd": [],
    "heston_fourier": [
        0.0,
        0.0,
        0.0,
        1.6715514037921233,
        3.7251411294303214,
        5.68151530195565,
        7.795578471028819,
        11.188391664902012,
        16.153468887850146,
        10.761795163452028,
        7.131354474482755,
        6.83384949148973,
        11.782368403210427,
        22.746687016251855,
        37.337525297058676,
        51.27654664131626,
        60.67413025731909,
        72.56507237222829,
        85.26379175768466,
        98.31973699801924
    ],
    "heston_mc": [
        0.0010901620026246652,
        0.0036221480648146206,
        0.010443000463020657,
        0.03077818655184663,
        0.08104125914378242,
        0.20575128782702298,
        0.4663550544903678,
        1.040573826660368,
        2.1948332738003167,
        4.382350178823107,
        8.270831884417559,
        14.30271324019793,
        22.324115012008658,
        31.578956677188838,
        41.21459028220876,
        50.99800538073693,
        60.84835286325282,
        70.66685802840874,
        80.50752834055918,
        90.36732918851142
    ],
    "strikes": [
        110.0,
        120.0,
        130.0,
        140.0,
        150.0,
        160.0,
        170.0,
        180.0,
        190.0,
        200.0,
        210.0,
        220.0,
        230.0,
        240.0,
        250.0,
        260.0,
        270.0,
        280.0,
        290.0,
        300.0
    ]
}