{
    "bs_analytical": [
        41.37484070744352,
        43.36533135406678,
        45.38215176381761,
        47.42453153451959,
        49.49173442705579,
        51.583056022598804,
        53.69782160677866,
        55.835384253574546,
        57.99512308540534,
        60.17644168904884,
        62.37876666971275,
        64.60154632788974,
        66.84424944560828,
        69.10636417038963,
        71.38739698668586,
        73.68687176583217,
        76.00432888663708,
        78.33932441967416,
        80.69142936915455,
        83.06022896696855,
        85.44532201410007,
        87.84632026515357,
        90.26284785220308,
        92.69454074458164,
        95.14104624158936,
        97.60202249541317,
        100.07713806182949,
        102.56607147650371,
        105.06851085491974,
        107.58415351415954
    ],
    "bs_fd": [],
    "bs_mc": [
        42.53155722396569,
        44.69970359490017,
        46.68492585426642,
        48.802091038113645,
        51.460897831382646,
        52.84077121622318,
        55.31568412791736,
        58.03512086281899,
        59.8447191576755,
        62.21962796255714,
        64.65765827400439,
        67.0078583358524,
        69.15256093666825,
        71.64064590444961,
        73.81399027132377,
        76.58082557381204,
        78.47984403567335,
        81.34597341299002,
        83.66177128325458,
        86.1103808853096,
        88.88470733930706,
        90.8849195829846,
        93.52057541316306,
        96.15469662560027,
        98.41754483608771,
        100.97701678100263,
        103.82960500384992,
        106.21900342753001,
        108.7561190100928,
        111.33339941945856
    ],
    "heston_fd": [],
    "heston_fourier": [
        29.456721310347987,
        26.58016573753576,
        24.219807962233432,
        22.335412288917595,
        20.893475845572492,
        19.86590076078126,
        19.228943379620667,
        18.962380065480616,
        19.04884344760317,
        19.473293582725518,
        20.222596437179526,
        21.28518809044928,
        22.650807629104307,
        24.310285211323503,
        26.255374504332934,
        28.478620824771227,
        30.66444782899309,
        32.97005702659365,
        35.390552944657244,
        37.92053790765418,
        40.55420548913091,
        43.285427250289615,
        46.10783266599515,
        49.014882238634144,
        51.99993388458334,
        55.056302748170765,
        58.17731465527285,
        61.356353464369676,
        64.58690260821659,
        67.86258114546153
    ],
    "heston_mc": [
        8.798866837106683,
        9.766279980455186,
        10.902239078390316,
        12.116918363128157,
        13.408708904102996,
        14.702719435443392,
        16.1066558160225,
        17.590641915453823,
        19.12140836382007,
        20.686941323171833,
        22.341044614167902,
        24.06390165783013,
        26.046322386176076,
        27.785531005386016,
        29.757936763585548,
        31.7814362519621,
        33.75503467397229,
        36.001310293429626,
        38.147675156783386,
        40.30770323024728,
        42.62785938288212,
        44.98169113090669,
        47.464012087107065,
        49.80248248127161,
        52.20400373219173,
        54.58561222357241,
        57.37848490940661,
        59.9632027580075,
        62.63386383465362,
        65.18991863548511
    ],
    "strikes": [
        117.12607164095635,
        120.47253083069796,
        123.81899002043957,
        127.1654492101812,
        130.5119083999228,
        133.8583675896644,
        137.204826779406,
        140.5512859691476,
        143.89774515888925,
        147.24420434863083,
        150.59066353837244,
        153.93712272811405,
        157.28358191785568,
        160.6300411075973,
        163.9765002973389,
        167.3229594870805,
        170.66941867682212,
        174.01587786656373,
        177.36233705630534,
        180.70879624604697,
        184.05525543578858,
        187.40171462553016,
        190.74817381527177,
        194.09463300501338,
        197.441092194755,
        200.7875513844966,
        204.13401057423823,
        207.48046976397984,
        210.82692895372145,
        214.17338814346303
    ]
}