{
    "bs_analytical": [
        49.74548968525032,
        51.0328240212819,
        52.33033188921176,
        53.637825633465525,
        54.95512151618507,
        56.282039639409206,
        57.61840386765438,
        58.96404175103301,
        60.31878444902955,
        61.68246665503794,
        63.05492652175171,
        64.43600558748365,
        65.82554870348174,
        67.22340396229737,
        68.62942262725323,
        70.04345906304984,
        71.46537066754176,
        72.8950178047099,
        74.33226373884789,
        75.77697456997804,
        77.22901917050501,
        78.68826912311427,
        80.15459865991545,
        81.62788460283079,
        83.10800630522291,
        84.59484559475665,
        86.08828671748432,
        87.58821628314523,
        89.0945232116653,
        90.607098680844,
        92.1258360752123,
        93.65063093604616,
        95.18138091251743,
        96.71798571396491,
        98.26034706326637,
        99.80836865129255,
        101.36195609242355,
        102.92101688110763,
        104.4854603494426,
        106.0551976257588,
        107.63014159418427
    ],
    "bs_fd": [],
    "bs_mc": [
        50.87842000641657,
        52.03648391977888,
        53.37709184149286,
        54.69452901000499,
        56.011248286885824,
        57.37962199123621,
        58.760977954403465,
        60.079091971071136,
        61.39778576298735,
        62.61653002169349,
        63.99762612078946,
        65.52031182722371,
        66.76394364844909,
        68.15059634314981,
        69.67568281481246,
        71.05340722551651,
        72.49593961250143,
        73.76926830210672,
        75.22971903472377,
        76.70906711119285,
        78.06824854671521,
        79.5746196855927,
        81.07300849317308,
        82.48709930596486,
        83.89529955995542,
        85.40877586112286,
        86.9253709349273,
        88.36087520064623,
        89.83808483130775,
        91.3784293897852,
        92.90589331153389,
        94.35173693982337,
        95.90427299749487,
        97.52418539694109,
        99.0507037359086,
        100.55130568401653,
        102.10536207198867,
        103.57301813572275,
        105.13317510438132,
        106.82179227935173,
        108.41735018321478
    ],
    "heston_fd": [],
    "heston_fourier": [
        16.461294601006458,
        17.277615149644646,
        18.20944189550893,
        19.255341694824438,
        20.395990917171886,
        21.588137607120288,
        22.853141318963637,
        24.18957782419355,
        25.595814197003932,
        27.070027113319995,
        28.610221131075292,
        30.214246830942784,
        31.8798187060529,
        33.60453269891846,
        35.38588329369665,
        37.22128008192641,
        39.108063729871574,
        41.04352128548126,
        43.02490077263167,
        45.04942502968866,
        47.1143047584211,
        49.216750757873726,
        51.35398532588778,
        53.523252818544336,
        55.721829364814,
        57.94703174015925,
        60.19622540869787,
        62.46683174881957,
        64.75633448184084,
        67.06228532739753,
        69.38230891282963,
        71.71410696681669,
        74.05546183001125,
        76.40423931739961,
        78.75839096864996,
        81.11595572378602,
        83.47506106221046,
        85.8339236434142,
        88.19084948768109,
        90.54423373477319,
        92.89256001798314
    ],
    "heston_mc": [
        20.344220063223133,
        21.454834856824945,
        22.573589102509803,
        23.76686377894606,
        24.94762416123243,
        26.158519640027418,
        27.480625357749187,
        28.817328223015668,
        30.015447833246913,
        31.40299489784725,
        32.77409203273297,
        34.165018346035154,
        35.56159348354986,
        36.92559033538024,
        38.471310097423334,
        39.939360625813414,
        41.403980826590484,
        42.88579044467429,
        44.522913895758016,
        46.105881198361,
        47.694078769149606,
        49.37023423045687,
        50.9595950204863,
        52.58903249262896,
        54.26815175588641,
        55.901139603112,
        57.602682141003314,
        59.26191500210005,
        61.02629899887284,
        62.74212302968372,
        64.46220579818548,
        66.18758719818804,
        67.94316509234189,
        69.7313229934904,
        71.58847048336746,
        73.42898537526914,
        75.12029728722449,
        76.97711560250343,
        78.78574903638265,
        80.65380691051594,
        82.41576688422839
    ],
    "strikes": [
        160.0,
        162.0,
        164.0,
        166.0,
        168.0,
        170.0,
        172.0,
        174.0,
        176.0,
        178.0,
        180.0,
        182.0,
        184.0,
        186.0,
        188.0,
        190.0,
        192.0,
        194.0,
        196.0,
        198.0,
        200.0,
        202.0,
        204.0,
        206.0,
        208.0,
        210.0,
        212.0,
        214.0,
        216.0,
        218.0,
        220.0,
        222.0,
        224.0,
        226.0,
        228.0,
        230.0,
        232.0,
        234.0,
        236.0,
        238.0,
        240.0
    ]
}