{
    "bs_analytical": [
        0.0,
        0.0,
        0.0,
        0.0,
        0.0,
        0.0,
        0.0,
        0.0,
        0.0,
        0.0,
        1.3202652743543979,
        3.241301134817647,
        5.236904577603141,
        7.305085597287771,
        9.443892134436155,
        11.651411710791393,
        13.925772664748933,
        16.265145043103445,
        18.667741197732283,
        21.131816129525006,
        23.65566761635297,
        26.23763615708239,
        28.876104759469214,
        31.56949859614862,
        34.31628454977839,
        37.11497066564381,
        39.96410552763592,
        42.86227757142231,
        45.80811434680665,
        48.80028173967506
    ],
    "bs_fd": [],
    "bs_mc": [
        0.05356337812605839,
        0.10314789357686774,
        0.1700085953556987,
        0.26800098730731425,
        0.42864185156592643,
        0.6846235300636531,
        1.0080281955553052,
        1.4405699995354935,
        2.0592614225417614,
        2.803695715009721,
        3.6742594999343448,
        4.835385775144159,
        6.192800830595993,
        7.812521542458391,
        9.587037291094228,
        11.648081380331481,
        13.93791923824679,
        16.598504571868567,
        19.276708813311412,
        22.31234678537237,
        25.422063237229697,
        28.720875424356,
        32.4207415830126,
        36.00345679165789,
        39.93356206932914,
        43.95155295621581,
        47.96330205388575,
        52.04946139364299,
        56.18688057981456,
        60.36431165719451
    ],
    "heston_fd": [],
    "heston_fourier": [
        37.0855172277365,
        35.3150460190419,
        31.665691978980508,
        28.66059439970067,
        26.26014035025078,
        24.431384121934677,
        23.146588072604864,
        22.382072248995343,
        22.117309904972537,
        22.334219701197767,
        23.016615665822044,
        24.149783847767935,
        25.720160660059875,
        27.715092656362827,
        30.12266124242184,
        32.93155883538313,
        35.874599511835825,
        39.02956359401823,
        42.387174371467054,
        45.93714402097956,
        49.6683774220198,
        53.56916135093354,
        57.62733834712043,
        61.830464904743934,
        66.1659539508967,
        70.62120182832919,
        75.18370021150525,
        79.8411335528163,
        84.58146278551649,
        89.39299610556415
    ],
    "heston_mc": [
        8.689196952913859,
        9.88757581781551,
        11.33987140584884,
        12.7360043330612,
        14.34507957441327,
        15.94838532057789,
        17.819684768217165,
        19.74619050389331,
        21.73150906127331,
        23.96065708676815,
        26.125574102348864,
        28.511260548721157,
        30.9677985764887,
        33.50366174454532,
        36.13851683898693,
        38.83947003872539,
        41.73471489302978,
        44.62569056505789,
        47.68753171773285,
        50.89520259589026,
        53.971507100420276,
        57.41203874000275,
        60.740310429075286,
        64.01050457948315,
        67.52776928751115,
        70.9700076266033,
        74.71351413836587,
        78.22793096299706,
        82.05305707781406,
        85.82595111585623
    ],
    "strikes": [
        160.60860723547256,
        165.19742458505752,
        169.78624193464245,
        174.37505928422738,
        178.96387663381228,
        183.55269398339723,
        188.14151133298216,
        192.7303286825671,
        197.31914603215202,
        201.90796338173695,
        206.49678073132188,
        211.0855980809068,
        215.67441543049173,
        220.2632327800767,
        224.85205012966162,
        229.44086747924655,
        234.02968482883148,
        238.6185021784164,
        243.20731952800136,
        247.7961368775863,
        252.38495422717122,
        256.9737715767561,
        261.56258892634105,
        266.151406275926,
        270.7402236255109,
        275.32904097509584,
        279.91785832468076,
        284.5066756742657,
        289.0954930238507,
        293.68431037343555
    ]
}