{
    "bs_analytical": [
        0.0,
        0.0,
        0.0,
        0.0,
        0.0,
        0.0,
        0.0,
        0.0,
        0.0,
        0.0,
        0.0,
        0.0,
        0.0,
        0.0,
        0.0,
        0.0,
        0.0,
        0.0,
        1.2084492030181053,
        5.432959538121096,
        10.025492532471148,
        14.963187208132098,
        20.224320655564142,
        25.788350371085613,
        31.63592057582484,
        37.74884385458037,
        44.11006628533637,
        50.703621940405526,
        57.51458097927579,
        64.52899434518312,
        71.73383719703543
    ],
    "bs_fd": [],
    "bs_mc": [
        0.0,
        0.0,
        0.0,
        0.0,
        0.0,
        0.0,
        0.0,
        0.0,
        1.8972446949910144e-05,
        0.00010937626369651538,
        0.0007578202195144515,
        0.005196681410486959,
        0.024067058133369353,
        0.08273611721478838,
        0.24223819835060012,
        0.5957435359178891,
        1.2802820159601818,
        2.465776100707165,
        4.312833538208381,
        6.952572128464455,
        10.482943120530274,
        15.00988089201938,
        20.34007092305754,
        26.62150251261858,
        33.596959280905224,
        41.337775037272095,
        49.56895994062582,
        58.12095782836163,
        67.09248473806107,
        76.3250206100675,
        85.7532254933479
    ],
    "heston_fd": [],
    "heston_fourier": [
        0.0,
        0.0,
        0.0,
        0.0,
        0.0,
        0.0,
        0.0,
        0.0,
        0.0,
        0.0,
        0.0,
        0.0,
        0.0,
        1.5828600119732665,
        3.571002847536771,
        5.361921152779724,
        7.350615499713045,
        10.626047260126876,
        16.060802073063034,
        10.553985824614838,
        6.933903458983508,
        6.850864704417589,
        12.082225024756823,
        22.92519138077006,
        37.18605730328716,
        52.135748283862284,
        61.34924725487343,
        72.82043443314706,
        85.38508324976206,
        98.32753678306165,
        111.29722694864245
    ],
    "heston_mc": [
        0.0,
        0.0,
        0.0,
        0.0,
        0.0,
        0.0,
        0.0,
        0.0,
        0.0,
        6.59083405575807e-05,
        0.00016463429659219425,
        0.00097491640420835,
        0.0033047279161036907,
        0.010293081482588971,
        0.03259789376358374,
        0.09616264683564628,
        0.24974130849243723,
        0.6175232289676424,
        1.4259625428927667,
        3.031138464755638,
        6.0130901673582375,
        10.857838491982603,
        17.801238357880234,
        26.35256768976064,
        35.7367599919872,
        45.40444233123291,
        55.167009725315836,
        65.04189055118599,
        74.89075743780609,
        84.736030355238,
        94.54044205399717
    ],
    "strikes": [
        10.0,
        20.0,
        30.0,
        40.0,
        50.0,
        60.0,
        70.0,
        80.0,
        90.0,
        100.0,
        110.0,
        120.0,
        130.0,
        140.0,
        150.0,
        160.0,
        170.0,
        180.0,
        190.0,
        200.0,
        210.0,
        220.0,
        230.0,
        240.0,
        250.0,
        260.0,
        270.0,
        280.0,
        290.0,
        300.0,
        310.0
    ]
}