{
    "bs_analytical": [
        0.0,
        0.0,
        0.0,
        0.0,
        0.0,
        0.0,
        0.0,
        0.0,
        0.0,
        0.0,
        0.0,
        0.0,
        0.0,
        0.0,
        0.0,
        0.0,
        0.0,
        0.0,
        1.2084492030181053,
        5.432959538121096,
        10.025492532471148,
        14.963187208132098,
        20.224320655564142,
        25.788350371085613,
        31.63592057582484,
        37.74884385458037,
        44.11006628533637,
        50.703621940405526,
        57.51458097927579,
        64.52899434518312,
        71.73383719703543
    ],
    "bs_fd": [],
    "bs_mc": [
        0.0,
        0.0,
        0.0,
        0.0,
        0.0,
        0.0,
        0.0,
        1.8875510274128858e-06,
        7.61690703017968e-06,
        0.00012178393207047572,
        0.0007299573606047265,
        0.004943319401244415,
        0.024383976581835748,
        0.08228491928999454,
        0.24227359448000232,
        0.6002236165983101,
        1.282919498376412,
        2.4618168264184073,
        4.2972125732952176,
        6.974773570363713,
        10.496180802468192,
        14.969723782026566,
        20.383339106195663,
        26.64378010709497,
        33.736769686399356,
        41.34605595545787,
        49.60913923583623,
        58.16100634257105,
        67.13174916596076,
        76.33661950218843,
        85.6947552901848
    ],
    "heston_fd": [],
    "heston_fourier": [
        0.0,
        0.0,
        0.0,
        0.0,
        0.0,
        0.0,
        0.0,
        0.0,
        0.0,
        0.0,
        0.0,
        0.0,
        0.0,
        1.6639290467422825,
        3.212437454599197,
        4.772827556797581,
        5.341426853128321,
        6.6097008243564375,
        7.28530470543884,
        10.987562525338769,
        6.391381523939295,
        3.9128351964182286,
        9.056454969367223,
        23.281255398349913,
        33.16106039540435,
        47.37906634636539,
        59.16734656303626,
        71.3584389254307,
        85.50152260998709,
        98.66634407828872,
        110.89541973577062
    ],
    "heston_mc": [
        0.0,
        0.0,
        0.0,
        0.0,
        0.0,
        0.0,
        0.0,
        0.0,
        0.0,
        0.0,
        0.0,
        1.2457140823028226e-05,
        2.589496212182478e-05,
        0.00013599483318389374,
        0.0007049268117047098,
        0.0035177007821163473,
        0.01579590470812751,
        0.0610887529045968,
        0.22118888035837242,
        0.7131504820413141,
        2.1630459579433046,
        5.834661682744078,
        13.01043345373826,
        22.36847577770116,
        32.179440962711226,
        42.01095935839426,
        51.82858177783223,
        61.6685934762276,
        71.51805649452233,
        81.33631349463052,
        91.20162545819501
    ],
    "strikes": [
        10.0,
        20.0,
        30.0,
        40.0,
        50.0,
        60.0,
        70.0,
        80.0,
        90.0,
        100.0,
        110.0,
        120.0,
        130.0,
        140.0,
        150.0,
        160.0,
        170.0,
        180.0,
        190.0,
        200.0,
        210.0,
        220.0,
        230.0,
        240.0,
        250.0,
        260.0,
        270.0,
        280.0,
        290.0,
        300.0,
        310.0
    ]
}