{
    "bs_analytical": [
        0.0,
        0.0,
        0.0,
        0.0,
        0.0,
        0.0,
        0.0,
        0.0,
        0.0,
        0.0,
        0.0,
        0.0,
        0.0,
        0.0,
        0.0,
        0.0,
        0.0,
        0.0,
        1.2084492030181053,
        5.432959538121096,
        10.025492532471148,
        14.963187208132098,
        20.224320655564142,
        25.788350371085613,
        31.63592057582484,
        37.74884385458037,
        44.11006628533637,
        50.703621940405526,
        57.51458097927579,
        64.52899434518312
    ],
    "bs_fd": [],
    "bs_mc": [
        0.0,
        0.0,
        0.0,
        0.0,
        0.0,
        0.0,
        0.0,
        0.0,
        0.0,
        5.712278826614805e-05,
        0.000849572035277046,
        0.005293130442341313,
        0.023142203189221566,
        0.08329724978423182,
        0.24217137654440957,
        0.5979617209647057,
        1.2771046362224858,
        2.477147103624727,
        4.306545905351467,
        6.958641531618627,
        10.49968253302861,
        14.970372022207895,
        20.39956626560718,
        26.625210630462657,
        33.62947812688313,
        41.364969068478786,
        49.58053880451336,
        58.141283792170746,
        67.1596704771337,
        76.33878766409153
    ],
    "heston_fd": [],
    "heston_fourier": [
        0.0,
        0.0,
        0.0,
        0.0,
        0.0,
        0.0,
        0.0,
        0.0,
        0.0,
        0.0,
        0.0,
        0.24012450800170584,
        6.200740417982836,
        12.906873012853318,
        20.761359050246725,
        30.09692461462938,
        25.51813889381068,
        20.317976482000653,
        17.657280724296058,
        17.448616446910748,
        19.626702727039927,
        24.117952239442403,
        30.34771202737113,
        38.02778410339539,
        46.99228073408062,
        57.031048370107385,
        67.91461571103966,
        79.41225194600054,
        91.30593013904706,
        103.39997213783283
    ],
    "heston_mc": [
        0.0,
        0.0,
        1.4805406770612415e-05,
        0.00010922225802030549,
        0.0006039553967714273,
        0.0030831760723312347,
        0.011977008156409525,
        0.03927797761943925,
        0.1038237446614859,
        0.23652439157724262,
        0.48635524227406135,
        0.9270971138147985,
        1.604553055904286,
        2.6183815379854294,
        4.050645068589479,
        5.985699337698349,
        8.518397164858452,
        11.697566029129911,
        15.45167219631064,
        19.88498462066287,
        25.008653209147873,
        30.729870218692582,
        37.06655032299571,
        43.9460627384073,
        51.43302585293667,
        59.23814676325817,
        67.33530425291806,
        75.89966540101881,
        84.61156265683722,
        93.68410704224664
    ],
    "strikes": [
        10.0,
        20.0,
        30.0,
        40.0,
        50.0,
        60.0,
        70.0,
        80.0,
        90.0,
        100.0,
        110.0,
        120.0,
        130.0,
        140.0,
        150.0,
        160.0,
        170.0,
        180.0,
        190.0,
        200.0,
        210.0,
        220.0,
        230.0,
        240.0,
        250.0,
        260.0,
        270.0,
        280.0,
        290.0,
        300.0
    ]
}