{
    "bs_analytical": [
        68.6790133719572,
        70.03790380097023,
        71.40348074372251,
        72.77564332532748,
        74.15429277527252,
        75.53933236438287,
        76.93066734450979,
        78.32820489078583,
        79.73185404629935,
        81.14152566905204,
        82.55713238107234,
        83.97858851956592,
        85.40581008999325,
        86.83871472097061,
        88.2772216208985,
        89.72125153622818,
        91.17072671128074,
        92.62557084954187,
        94.08570907635698,
        95.55106790295858,
        97.0215751917609,
        98.49716012286076,
        99.9777531616879,
        101.46328602775047,
        102.95369166442636,
        104.44890420975133,
        105.9488589681605,
        107.45349238314003,
        108.96274201074992,
        110.47654649397992,
        111.99484553790293,
        113.51757988559304,
        115.04469129477565,
        116.57612251518015,
        118.11181726656658,
        119.65172021739943,
        121.19577696414275,
        122.74393401115258,
        124.29613875114364,
        125.85233944620836,
        127.41248520936725
    ],
    "bs_fd": [],
    "bs_mc": [
        71.15746154465106,
        72.60343030871515,
        73.83230579184176,
        75.34969050221243,
        76.90215747673652,
        78.23534074445092,
        79.74878423252576,
        80.94171222105338,
        82.68117930680903,
        84.24964936289808,
        85.59727831903349,
        87.12448121761004,
        88.40345891373303,
        90.06000440914697,
        91.63422913590944,
        93.04698471543855,
        94.54803278865448,
        96.00280405258042,
        97.69707768231605,
        98.96395642954663,
        100.51940466678974,
        101.98117874923867,
        103.49870166645064,
        105.03397755176974,
        106.76901996075853,
        108.221643088286,
        109.75807778532773,
        111.35234401612847,
        112.85382585152824,
        114.55778207234005,
        116.09762285740231,
        117.71755372754885,
        119.19320786671108,
        120.71130742000982,
        122.34347720015437,
        123.90989478328594,
        125.54990008294293,
        127.08972461626429,
        128.58796825904835,
        130.02323642795005,
        131.94302461959234
    ],
    "heston_fd": [],
    "heston_fourier": [
        16.461294601006458,
        17.277615149644646,
        18.20944189550893,
        19.255341694824438,
        20.395990917171886,
        21.588137607120288,
        22.853141318963637,
        24.18957782419355,
        25.595814197003932,
        27.070027113319995,
        28.610221131075292,
        30.214246830942784,
        31.8798187060529,
        33.60453269891846,
        35.38588329369665,
        37.22128008192641,
        39.108063729871574,
        41.04352128548126,
        43.02490077263167,
        45.04942502968866,
        47.1143047584211,
        49.216750757873726,
        51.35398532588778,
        53.523252818544336,
        55.721829364814,
        57.94703174015925,
        60.19622540869787,
        62.46683174881957,
        64.75633448184084,
        67.06228532739753,
        69.38230891282963,
        71.71410696681669,
        74.05546183001125,
        76.40423931739961,
        78.75839096864996,
        81.11595572378602,
        83.47506106221046,
        85.8339236434142,
        88.19084948768109,
        90.54423373477319,
        92.89256001798314
    ],
    "heston_mc": [
        20.39540072448479,
        21.426345740391763,
        22.574202887527502,
        23.800127685827054,
        24.976675628100637,
        26.176302412180707,
        27.43198418999767,
        28.757728234264896,
        30.040093289444595,
        31.27702723005589,
        32.69785694923056,
        34.1269891424016,
        35.57842602451699,
        36.9872761035069,
        38.44830230147337,
        39.9944362648711,
        41.463340665721034,
        42.98583125416536,
        44.5407101865435,
        46.177270426810125,
        47.72697531695165,
        49.35920738904406,
        50.96947633698754,
        52.579894696765635,
        54.30206676488506,
        56.00781972096413,
        57.63945077327549,
        59.39804123144849,
        61.023503694112705,
        62.71724316219659,
        64.57209335506673,
        66.23952869001174,
        68.00586581813796,
        69.69968427624387,
        71.5031508027783,
        73.4177781821025,
        75.19902322044902,
        77.0601390249834,
        78.9283272579356,
        80.68981258243721,
        82.37104082780687
    ],
    "strikes": [
        160.0,
        162.0,
        164.0,
        166.0,
        168.0,
        170.0,
        172.0,
        174.0,
        176.0,
        178.0,
        180.0,
        182.0,
        184.0,
        186.0,
        188.0,
        190.0,
        192.0,
        194.0,
        196.0,
        198.0,
        200.0,
        202.0,
        204.0,
        206.0,
        208.0,
        210.0,
        212.0,
        214.0,
        216.0,
        218.0,
        220.0,
        222.0,
        224.0,
        226.0,
        228.0,
        230.0,
        232.0,
        234.0,
        236.0,
        238.0,
        240.0
    ]
}