{
    "bs_analytical": [
        58.130458506669015,
        49.674826593092135,
        41.79753686959762,
        34.464920344839186,
        27.64359349599468,
        21.301066289775235,
        15.406124459364321,
        9.929055224924625,
        4.841764891858475,
        0.11782235390256801
    ],
    "bs_fd": [],
    "bs_mc": [
        0.060788647903220756,
        0.26588109902467055,
        0.7735066640520292,
        1.4105779805458036,
        3.625644104538621,
        6.6084811264397345,
        11.72310531598069,
        18.708949382333817,
        24.663316550949602,
        35.33322995020645
    ],
    "heston_fd": [],
    "heston_fourier": [
        29.49051519993006,
        40.847859971061105,
        33.99381673145598,
        29.71776008160017,
        28.139053261163795,
        29.035346462826823,
        32.165874918216886,
        37.27702454963942,
        44.11044150925606,
        52.411512986177556
    ],
    "heston_mc": [
        8.786919720444462,
        11.818150488869437,
        16.378487528257743,
        19.380567857942637,
        27.44760680083392,
        32.159430797432826,
        39.350221360311956,
        43.50541609096182,
        54.21078361900822,
        60.4799752495326
    ],
    "strikes": [
        160.60860723547256,
        172.0806506094349,
        183.55269398339723,
        195.02473735735956,
        206.49678073132188,
        217.9688241052842,
        229.44086747924655,
        240.9129108532089,
        252.38495422717122,
        263.8569976011335
    ]
}