{
    "bs_analytical": [
        49.74548968525032,
        51.0328240212819,
        52.33033188921176,
        53.637825633465525,
        54.95512151618507,
        56.282039639409206,
        57.61840386765438,
        58.96404175103301,
        60.31878444902955,
        61.68246665503794,
        63.05492652175171,
        64.43600558748365,
        65.82554870348174,
        67.22340396229737,
        68.62942262725323,
        70.04345906304984,
        71.46537066754176,
        72.8950178047099,
        74.33226373884789,
        75.77697456997804,
        77.22901917050501,
        78.68826912311427,
        80.15459865991545,
        81.62788460283079,
        83.10800630522291,
        84.59484559475665,
        86.08828671748432,
        87.58821628314523,
        89.0945232116653,
        90.607098680844,
        92.1258360752123,
        93.65063093604616,
        95.18138091251743,
        96.71798571396491,
        98.26034706326637,
        99.80836865129255,
        101.36195609242355,
        102.92101688110763,
        104.4854603494426,
        106.0551976257588,
        107.63014159418427
    ],
    "bs_fd": [],
    "bs_mc": [
        50.862803905398124,
        52.147883300251,
        53.35494969410663,
        54.643249639955535,
        55.93519192139194,
        57.354093290803405,
        58.605444852976845,
        60.06246253045326,
        61.28827260691841,
        62.59278326321141,
        64.0488317437937,
        65.4167669662911,
        66.86809924652545,
        68.2582278069457,
        69.4759512322601,
        70.99899265655156,
        72.47930447967013,
        73.82079363315741,
        75.14649888247256,
        76.65688549182117,
        78.23464536295624,
        79.48923947028878,
        80.94741757590491,
        82.51099833828532,
        84.01007790882626,
        85.36203233756795,
        87.04016105033803,
        88.42757240086678,
        89.9189336309424,
        91.32410290722302,
        92.94928601382784,
        94.39277038357,
        95.9206981913504,
        97.39730182212277,
        99.0824251083352,
        100.55255526183839,
        101.97435782962489,
        103.5621555332799,
        105.21973116817858,
        106.61092108996304,
        108.32110442370362
    ],
    "heston_fd": [],
    "heston_fourier": [
        26.883061677036224,
        28.102964994402313,
        29.421026341982596,
        30.835640230488508,
        32.28120576670884,
        33.65600999010981,
        35.06495413406698,
        36.50707470367067,
        37.981368333192236,
        39.486797247464835,
        41.02229441458532,
        42.58676839675532,
        44.17910790685579,
        45.79818607899004,
        47.442864461754,
        49.111996743399686,
        50.80443221837096,
        52.51901900491997,
        54.25460702365315,
        56.01005074694078,
        57.78421172913902,
        59.57596092753889,
        61.384180823872754,
        63.2077673560927,
        65.04563166997049,
        66.89670169989107,
        68.75992358799287,
        70.63426295058241,
        72.51870600049841,
        74.41226053383903,
        76.313956789192,
        78.22284818722865,
        80.13801195823329,
        82.05854966484931,
        83.98358762703585,
        85.91227725593045,
        87.84379530302922,
        89.77734403080574,
        91.71215131060498,
        93.64747065337461,
        95.58258117851634
    ],
    "heston_mc": [
        30.407094662172554,
        31.569618602049367,
        32.78172010499838,
        33.98807709303634,
        35.248808048658475,
        36.48502446744317,
        37.72341549760937,
        39.028168394236765,
        40.317096665420515,
        41.73876244609583,
        43.01194916941173,
        44.347081608481346,
        45.76374207030112,
        47.16185287084173,
        48.501570940905474,
        49.93088977599709,
        51.30211443722471,
        52.76813643236155,
        54.27290265047264,
        55.70396105661841,
        57.20150475454363,
        58.73678085423557,
        60.217240065110296,
        61.845815708892594,
        63.33446771694638,
        64.87065507206738,
        66.48870011424565,
        67.97756963145184,
        69.56216022461723,
        71.24309191809728,
        72.77110847717677,
        74.4317318723024,
        76.07935435384488,
        77.7559152605161,
        79.28155968178682,
        80.95020377545234,
        82.63772410078197,
        84.30247580761835,
        86.00291492991325,
        87.67014107714904,
        89.45256442894923
    ],
    "strikes": [
        160.0,
        162.0,
        164.0,
        166.0,
        168.0,
        170.0,
        172.0,
        174.0,
        176.0,
        178.0,
        180.0,
        182.0,
        184.0,
        186.0,
        188.0,
        190.0,
        192.0,
        194.0,
        196.0,
        198.0,
        200.0,
        202.0,
        204.0,
        206.0,
        208.0,
        210.0,
        212.0,
        214.0,
        216.0,
        218.0,
        220.0,
        222.0,
        224.0,
        226.0,
        228.0,
        230.0,
        232.0,
        234.0,
        236.0,
        238.0,
        240.0
    ]
}