{
    "bs_analytical": [
        49.74548968525032,
        51.0328240212819,
        52.33033188921176,
        53.637825633465525,
        54.95512151618507,
        56.282039639409206,
        57.61840386765438,
        58.96404175103301,
        60.31878444902955,
        61.68246665503794,
        63.05492652175171,
        64.43600558748365,
        65.82554870348174,
        67.22340396229737,
        68.62942262725323,
        70.04345906304984,
        71.46537066754176,
        72.8950178047099,
        74.33226373884789,
        75.77697456997804,
        77.22901917050501,
        78.68826912311427,
        80.15459865991545,
        81.62788460283079,
        83.10800630522291,
        84.59484559475665,
        86.08828671748432,
        87.58821628314523,
        89.0945232116653,
        90.607098680844,
        92.1258360752123,
        93.65063093604616,
        95.18138091251743,
        96.71798571396491,
        98.26034706326637,
        99.80836865129255,
        101.36195609242355,
        102.92101688110763,
        104.4854603494426,
        106.0551976257588,
        107.63014159418427
    ],
    "bs_fd": [],
    "bs_mc": [
        50.790251253785414,
        52.09949038775438,
        53.39218396046696,
        54.71962077503932,
        56.00626659377696,
        57.246286771894766,
        58.66966105542083,
        60.059676797825816,
        61.4054767302087,
        62.65438633667951,
        63.96219094730646,
        65.45506347810716,
        66.70211585579514,
        68.21637682765505,
        69.56331174245983,
        70.96837215861073,
        72.32732467687164,
        73.72141956918985,
        75.18935072758893,
        76.66544800857687,
        78.06098833382818,
        79.55886890536716,
        80.9767676021243,
        82.40628946105812,
        83.96317840941539,
        85.52928907794733,
        86.88119033340708,
        88.38548849133065,
        89.9617264731036,
        91.35933422144963,
        92.89585225420683,
        94.45110673584229,
        95.87069882069531,
        97.41443751631567,
        99.02738533267592,
        100.52742673501614,
        102.08710964701835,
        103.67752945777667,
        105.22163251868018,
        106.77361844156663,
        108.23138955166196
    ],
    "heston_fd": [],
    "heston_fourier": [
        26.871651560264084,
        28.09113301104796,
        29.40877795171984,
        30.822980713963204,
        32.268209273903395,
        33.64283254088981,
        35.05162439428315,
        36.493620955580695,
        37.96781840430212,
        39.47317844551206,
        41.00863346849117,
        42.573091403357054,
        44.16544028321377,
        45.78455252005885,
        47.42928890319307,
        49.098502329295926,
        50.791041273641966,
        52.505753012159545,
        54.24148660418672,
        55.99709564585346,
        57.77144080404237,
        59.56339214084559,
        61.37183123835297,
        63.195653133489174,
        65.03376807245444,
        66.88510309414926,
        68.74860345174037,
        70.6232338813023,
        72.50797972622001,
        74.40184792576827,
        76.30386787602205,
        78.21309217095938,
        80.1285972313412,
        82.04948382865607,
        83.97487751112908,
        85.90392893850152,
        87.83581413199876,
        89.76973464561343,
        91.70491766455199,
        93.64061603640822,
        95.57610824036045
    ],
    "heston_mc": [
        30.404652842360946,
        31.56661370592171,
        32.836710967187,
        33.95657279327541,
        35.22458875838541,
        36.49569198241249,
        37.66492971696337,
        39.03654521921073,
        40.370706572878596,
        41.60252380497815,
        42.910663446124175,
        44.26465254317149,
        45.68050193985208,
        47.04973857369864,
        48.4172396430143,
        49.94663484430138,
        51.316590998613975,
        52.77091792576638,
        54.27350328276991,
        55.736575020658464,
        57.29045052314188,
        58.721010063559845,
        60.2512304475466,
        61.76521421699121,
        63.36297827269234,
        64.88789791237627,
        66.46683307629098,
        68.00553731722134,
        69.55063823757321,
        71.16361497101181,
        72.77473324015958,
        74.51263991535248,
        76.07476181271446,
        77.69416648067255,
        79.32892123338377,
        81.05817442200592,
        82.70652549966994,
        84.32621431487561,
        86.02419166134912,
        87.71053708686158,
        89.43205683183957
    ],
    "strikes": [
        160.0,
        162.0,
        164.0,
        166.0,
        168.0,
        170.0,
        172.0,
        174.0,
        176.0,
        178.0,
        180.0,
        182.0,
        184.0,
        186.0,
        188.0,
        190.0,
        192.0,
        194.0,
        196.0,
        198.0,
        200.0,
        202.0,
        204.0,
        206.0,
        208.0,
        210.0,
        212.0,
        214.0,
        216.0,
        218.0,
        220.0,
        222.0,
        224.0,
        226.0,
        228.0,
        230.0,
        232.0,
        234.0,
        236.0,
        238.0,
        240.0
    ]
}