{
    "bs_analytical": [
        58.130458506669015,
        49.674826593092135,
        41.79753686959762,
        34.464920344839186,
        27.64359349599468,
        21.301066289775235,
        15.406124459364321,
        9.929055224924625,
        4.841764891858475,
        0.11782235390256801
    ],
    "bs_fd": [],
    "bs_mc": [
        0.043439825688298295,
        0.16300164939709402,
        0.6206426348236752,
        1.7322394210168963,
        3.9480196789275332,
        7.624679249995198,
        11.591224065324976,
        16.89839870598616,
        23.737097656370377,
        34.18693445448303
    ],
    "heston_fd": [],
    "heston_fourier": [
        29.49051519993006,
        40.847859971061105,
        33.99381673145598,
        29.71776008160017,
        28.139053261163795,
        29.035346462826823,
        32.165874918216886,
        37.27702454963942,
        44.11044150925606,
        52.411512986177556
    ],
    "heston_mc": [
        7.516717591607572,
        12.964589012504828,
        17.13052338986119,
        22.607063638761982,
        27.490801212469336,
        35.43597517183482,
        41.32903240437865,
        45.09365872770137,
        54.427666722349024,
        64.56685525244963
    ],
    "strikes": [
        160.60860723547256,
        172.0806506094349,
        183.55269398339723,
        195.02473735735956,
        206.49678073132188,
        217.9688241052842,
        229.44086747924655,
        240.9129108532089,
        252.38495422717122,
        263.8569976011335
    ]
}