{
    "bs_analytical": [
        41.37484070744352,
        43.36533135406678,
        45.38215176381761,
        47.42453153451959,
        49.49173442705579,
        51.583056022598804,
        53.69782160677866,
        55.835384253574546,
        57.99512308540534,
        60.17644168904884,
        62.37876666971275,
        64.60154632788974,
        66.84424944560828,
        69.10636417038963,
        71.38739698668586,
        73.68687176583217,
        76.00432888663708,
        78.33932441967416,
        80.69142936915455,
        83.06022896696855,
        85.44532201410007,
        87.84632026515357,
        90.26284785220308,
        92.69454074458164,
        95.14104624158936,
        97.60202249541317,
        100.07713806182949,
        102.56607147650371,
        105.06851085491974,
        107.58415351415954
    ],
    "bs_fd": [],
    "bs_mc": [
        42.40210023280177,
        44.769401887180095,
        46.70572066091676,
        48.88859682169834,
        51.04390030579146,
        53.40220805541012,
        55.45582080492526,
        57.68453237078551,
        60.26539170681573,
        62.453023430676524,
        64.26274125530018,
        66.86104369735823,
        69.39817923425248,
        71.33959250503248,
        74.12763747164776,
        76.29254308540045,
        78.69419527222855,
        81.25949024114423,
        83.43190287071448,
        86.3057719656465,
        88.66091605364971,
        90.91218856270056,
        93.67092364114387,
        95.84829142403916,
        98.3955611441094,
        101.1931703383587,
        103.98556965992049,
        106.33873049241541,
        108.97132401035616,
        111.57903367228398
    ],
    "heston_fd": [],
    "heston_fourier": [
        26.943082026150023,
        25.948611777996263,
        23.294561665733312,
        21.10620482760126,
        19.354718618313626,
        18.01625181266047,
        17.070847645607216,
        16.501589861153462,
        16.29392682619462,
        16.435138627193254,
        16.913919455487843,
        17.72005318817267,
        18.844164370579477,
        20.2775301482763,
        22.011941327855794,
        24.039602844202676,
        26.15736894309768,
        28.43100650835683,
        30.85415386592271,
        33.419646235335705,
        36.11966382918018,
        38.945870950095895,
        41.88954530299813,
        44.941697005362954,
        48.09317701287887,
        51.3347748816945,
        54.65730596281284,
        58.05168827026995,
        61.509009384368255,
        65.02058384642785
    ],
    "heston_mc": [
        6.310758347203062,
        7.217934538937724,
        8.215562210681027,
        9.222951716214164,
        10.352515421305524,
        11.578220171874271,
        12.897407080837977,
        14.306419750476081,
        15.762885107705362,
        17.291030287830875,
        18.853601487957835,
        20.59734428088119,
        22.37174845375993,
        24.196036035346733,
        26.082540034846613,
        28.039414522658806,
        30.17214758669542,
        32.320060447743344,
        34.456910640051944,
        36.76517278487237,
        39.0917537959488,
        41.40600158070961,
        43.80633317032756,
        46.40775444139238,
        48.96068054877066,
        51.384864778832515,
        53.96575835845874,
        56.73100007091433,
        59.3810708409949,
        62.153115199695726
    ],
    "strikes": [
        117.12607164095635,
        120.47253083069796,
        123.81899002043957,
        127.1654492101812,
        130.5119083999228,
        133.8583675896644,
        137.204826779406,
        140.5512859691476,
        143.89774515888925,
        147.24420434863083,
        150.59066353837244,
        153.93712272811405,
        157.28358191785568,
        160.6300411075973,
        163.9765002973389,
        167.3229594870805,
        170.66941867682212,
        174.01587786656373,
        177.36233705630534,
        180.70879624604697,
        184.05525543578858,
        187.40171462553016,
        190.74817381527177,
        194.09463300501338,
        197.441092194755,
        200.7875513844966,
        204.13401057423823,
        207.48046976397984,
        210.82692895372145,
        214.17338814346303
    ]
}