{
    "bs_analytical": [
        58.130458506669015,
        49.674826593092135,
        41.79753686959762,
        34.464920344839186,
        27.64359349599468,
        21.301066289775235,
        15.406124459364321,
        9.929055224924625,
        4.841764891858475,
        0.11782235390256801
    ],
    "bs_fd": [],
    "bs_mc": [
        0.03204805164569321,
        0.2317944861628223,
        0.7875909459290646,
        1.698672254893961,
        3.9277457166261622,
        6.855608781049656,
        11.54280329607662,
        18.49632661896748,
        24.490926783101923,
        34.810344187796
    ],
    "heston_fd": [],
    "heston_fourier": [
        29.49051519993006,
        40.847859971061105,
        33.99381673145598,
        29.71776008160017,
        28.139053261163795,
        29.035346462826823,
        32.165874918216886,
        37.27702454963942,
        44.11044150925606,
        52.411512986177556
    ],
    "heston_mc": [
        8.676879307397463,
        11.645286311935827,
        15.902775641547958,
        20.0752102400951,
        25.36316042605642,
        34.87281843657031,
        38.729054633917514,
        43.83394510718063,
        58.894614033236394,
        58.223100682593554
    ],
    "strikes": [
        160.60860723547256,
        172.0806506094349,
        183.55269398339723,
        195.02473735735956,
        206.49678073132188,
        217.9688241052842,
        229.44086747924655,
        240.9129108532089,
        252.38495422717122,
        263.8569976011335
    ]
}