{
    "bs_analytical": [
        49.74548968525032,
        51.0328240212819,
        52.33033188921176,
        53.637825633465525,
        54.95512151618507,
        56.282039639409206,
        57.61840386765438,
        58.96404175103301,
        60.31878444902955,
        61.68246665503794,
        63.05492652175171,
        64.43600558748365,
        65.82554870348174,
        67.22340396229737,
        68.62942262725323,
        70.04345906304984,
        71.46537066754176,
        72.8950178047099,
        74.33226373884789,
        75.77697456997804,
        77.22901917050501,
        78.68826912311427,
        80.15459865991545,
        81.62788460283079,
        83.10800630522291,
        84.59484559475665,
        86.08828671748432,
        87.58821628314523,
        89.0945232116653,
        90.607098680844,
        92.1258360752123,
        93.65063093604616,
        95.18138091251743,
        96.71798571396491,
        98.26034706326637,
        99.80836865129255,
        101.36195609242355,
        102.92101688110763,
        104.4854603494426,
        106.0551976257588,
        107.63014159418427
    ],
    "bs_fd": [],
    "bs_mc": [
        50.84776241780628,
        52.06708635954122,
        53.445923139036104,
        54.726456633858334,
        55.95454204493166,
        57.3337956691902,
        58.66774563280967,
        59.95795850785716,
        61.3280782060966,
        62.59718353147757,
        64.01146897563628,
        65.46292062777941,
        66.77006453254535,
        68.24554033237983,
        69.57461890196127,
        70.87773970750135,
        72.47037594804782,
        73.77996778776291,
        75.1471929967695,
        76.64015803468746,
        78.16835763460352,
        79.60445952730932,
        80.9802187893141,
        82.53799088017867,
        83.99336093128028,
        85.45148952449092,
        86.751399835133,
        88.38013513757464,
        89.81456529562341,
        91.35440374153137,
        92.81671281631813,
        94.3323512100346,
        95.97844348625874,
        97.43738061125575,
        99.0537689273196,
        100.6343735847463,
        102.00557991598636,
        103.51772191021522,
        105.14824101248321,
        106.83392169941507,
        108.19309716879542
    ],
    "heston_fd": [],
    "heston_fourier": [
        26.871651560264084,
        28.09113301104796,
        29.40877795171984,
        30.822980713963204,
        32.268209273903395,
        33.64283254088981,
        35.05162439428315,
        36.493620955580695,
        37.96781840430212,
        39.47317844551206,
        41.00863346849117,
        42.573091403357054,
        44.16544028321377,
        45.78455252005885,
        47.42928890319307,
        49.098502329295926,
        50.791041273641966,
        52.505753012159545,
        54.24148660418672,
        55.99709564585346,
        57.77144080404237,
        59.56339214084559,
        61.37183123835297,
        63.195653133489174,
        65.03376807245444,
        66.88510309414926,
        68.74860345174037,
        70.6232338813023,
        72.50797972622001,
        74.40184792576827,
        76.30386787602205,
        78.21309217095938,
        80.1285972313412,
        82.04948382865607,
        83.97487751112908,
        85.90392893850152,
        87.83581413199876,
        89.76973464561343,
        91.70491766455199,
        93.64061603640822,
        95.57610824036045
    ],
    "heston_mc": [
        30.348944628614685,
        31.546300536745346,
        32.82629946259079,
        33.98542014432417,
        35.24581870281868,
        36.41152049592279,
        37.7755819466496,
        39.04229654991512,
        40.327686557860616,
        41.66427116051709,
        42.98967877849637,
        44.3217995161297,
        45.73427498388235,
        47.13419351252986,
        48.49997238195593,
        49.90696788009388,
        51.36156671834219,
        52.75390726117246,
        54.32478287570776,
        55.71119290035962,
        57.15182562370119,
        58.67495269776735,
        60.23146820648862,
        61.79263306242381,
        63.30280842616434,
        64.98235115875701,
        66.44950308179341,
        68.02510553334538,
        69.59816128963308,
        71.20077602595507,
        72.73653018025918,
        74.41875768684162,
        76.06379538498095,
        77.76205952158196,
        79.36440965645828,
        80.97514308199067,
        82.62177100412842,
        84.33696681533442,
        86.09564200094597,
        87.65433757783563,
        89.41200893467436
    ],
    "strikes": [
        160.0,
        162.0,
        164.0,
        166.0,
        168.0,
        170.0,
        172.0,
        174.0,
        176.0,
        178.0,
        180.0,
        182.0,
        184.0,
        186.0,
        188.0,
        190.0,
        192.0,
        194.0,
        196.0,
        198.0,
        200.0,
        202.0,
        204.0,
        206.0,
        208.0,
        210.0,
        212.0,
        214.0,
        216.0,
        218.0,
        220.0,
        222.0,
        224.0,
        226.0,
        228.0,
        230.0,
        232.0,
        234.0,
        236.0,
        238.0,
        240.0
    ]
}