{
    "bs_analytical": [
        0.0,
        0.0,
        0.0,
        0.5799732234794535,
        1.7537460284294468,
        3.5485061703267533,
        5.958139803772344,
        8.953986221099829,
        12.497050118566221,
        16.544721764445832,
        21.05439361645417,
        25.985331061054183,
        31.29956162566627,
        36.9622151409359,
        42.94156152033163,
        49.20888773887636,
        55.73829543570355,
        62.50646573933581,
        69.49241757629198,
        76.6772737843739,
        84.04404234026066,
        91.57741591799193,
        99.26359064234585,
        107.0901035898242,
        115.04568790096339,
        123.12014404804192,
        131.30422569849853,
        139.58953863324996,
        147.96845126405609,
        156.4340154110825,
        164.97989613066983
    ],
    "bs_fd": [],
    "bs_mc": [
        0.005564131226981236,
        0.11333843913284707,
        0.5235948797411263,
        1.3800394540563607,
        2.7749234578988933,
        4.733290660200696,
        7.2511890728562705,
        10.308683944185884,
        13.906221638222236,
        17.910018396618046,
        22.418172362082398,
        27.332310243199974,
        32.62969603504094,
        38.198140797168875,
        44.16702371342009,
        50.321370637017736,
        56.89181298672149,
        63.484351674880806,
        70.45110446761112,
        77.52578389120467,
        84.91877218778042,
        92.37067474864905,
        99.92041969754075,
        107.8300694241425,
        115.5684171922743,
        123.77981524958098,
        131.89552968705837,
        139.9623365102433,
        148.5025586764385,
        156.78833118647307,
        165.3261030625244
    ],
    "heston_fd": [],
    "heston_fourier": [
        0.0,
        0.0,
        0.0,
        0.0,
        0.0,
        0.0,
        0.0,
        0.0,
        0.0,
        0.0,
        2.1384578196563035,
        4.204009524502154,
        6.665116184810973,
        11.15766869531228,
        9.135631645970504,
        5.541261368085365,
        6.397203003464966,
        14.250128918558389,
        28.292287515057126,
        40.43897933191499,
        51.59167466182265,
        64.29475204701242,
        77.34729294719219,
        90.35732987472252,
        103.20894132124712,
        116.06641553419152,
        128.81050282500186,
        140.39853269984405,
        150.1289365354114,
        159.3393258625614,
        168.14648864741199
    ],
    "heston_mc": [
        0.0,
        0.0,
        0.0,
        0.0,
        0.0,
        0.0,
        0.00015287342828368568,
        0.0008440790210529526,
        0.003710609617718998,
        0.01638271891311197,
        0.060979024704394834,
        0.19294481933114702,
        0.5482160397845313,
        1.4527959001596977,
        3.4981956018243885,
        7.634880721898294,
        14.537556716842657,
        23.493135163598303,
        33.22126119087189,
        43.03059483919451,
        52.880971697623714,
        62.68107205902627,
        72.53996613099963,
        82.359452242529,
        92.24731869280279,
        102.04287489094686,
        111.91721489882089,
        121.76384845550938,
        131.59373924094433,
        141.43245864337965,
        151.25594765355905
    ],
    "strikes": [
        10.0,
        20.0,
        30.0,
        40.0,
        50.0,
        60.0,
        70.0,
        80.0,
        90.0,
        100.0,
        110.0,
        120.0,
        130.0,
        140.0,
        150.0,
        160.0,
        170.0,
        180.0,
        190.0,
        200.0,
        210.0,
        220.0,
        230.0,
        240.0,
        250.0,
        260.0,
        270.0,
        280.0,
        290.0,
        300.0,
        310.0
    ]
}